ISO,Year,GDP_USD,Population
ABW,2000,2545966267.78226,90588.0
AFE,2000,489817237961.848,406156661.0
AFG,2000,6206547590.07403,20130327.0
AFW,2000,326672771738.384,274968446.0
AGO,2000,35182758019.6959,16194869.0
ALB,2000,6153077235.62289,3089027.0
AND,2000,2240767147.05822,65685.0
ARB,2000,1406974817817.34,286548096.0
ARE,2000,198921610821.864,3493575.0
ARG,2000,395646066535.875,37213984.0
ARM,2000,3959424772.65728,3221100.0
ATG,2000,1195677311.61138,74912.0
AUS,2000,874926744105.928,19028802.0
AUT,2000,309014800203.266,8011566.0
AZE,2000,12110978466.342,8048600.0
BDI,2000,1709130260.41104,6470194.0
BEL,2000,367797580320.048,10251250.0
BEN,2000,6219354272.65514,7221619.0
BFA,2000,5107828181.20084,11925546.0
BGD,2000,83492876905.7611,134544304.0
BGR,2000,30376118589.1044,8170172.0
BHR,2000,16199663949.4689,637582.0
BHS,2000,10500261525.9051,323835.0
BIH,2000,10679552177.5993,4159771.0
BLR,2000,26100310412.7168,9979610.0
BLZ,2000,1363800371.11261,240799.0
BMU,2000,6739895068.97791,61550.0
BOL,2000,17334777888.1262,8606326.0
BRA,2000,1186418964121.03,174018282.0
BRB,2000,5640486570.73121,262063.0
BRN,2000,12244033143.1515,326424.0
BTN,2000,751822818.964787,596863.0
BWA,2000,8491986059.02571,1677382.0
CAF,2000,1675850364.88825,3833416.0
CAN,2000,1163199675162.51,30685730.0
CEB,2000,808029643139.989,108447824.0
CHE,2000,529837998914.444,7184250.0
CHL,2000,131243743563.397,15503635.0
CHN,2000,2825096197799.54,1262645000.0
CIV,2000,30406072178.2268,17699004.0
CMR,2000,17168567484.5749,14912631.0
COD,2000,17148631280.919,50507442.0
COG,2000,6482377234.59307,3151345.0
COL,2000,157016818928.93,39089934.0
COM,2000,616936089.242142,536080.0
CPV,2000,923550525.289887,453317.0
CRI,2000,30425018574.4757,3937739.0
CSS,2000,41583406437.6042,3956229.0
CUB,2000,45683563278.5995,11109109.0
CUW,2000,2881155232.956,133860.0
CYP,2000,15534986805.8031,947667.0
CZE,2000,128638858401.092,10255063.0
DEU,2000,2885963533943.47,82211508.0
DMA,2000,471328095.603734,68511.0
DNK,2000,263066798869.213,5339616.0
DOM,2000,35393522990.4108,8584190.0
DZA,2000,109811551032.426,30903893.0
EAP,2000,3878843756271.9,1819011507.0
EAR,2000,5417544791319.72,2509431470.0
EAS,2000,10366526973201.2,2050149617.0
ECA,2000,706021315258.475,218486598.0
ECS,2000,15990314229316.8,865392479.0
ECU,2000,50165491738.8835,12689206.0
EGY,2000,179683172290.026,73083284.0
EMU,2000,10051632608869.2,325789631.0
ERI,2000,1899038769.45137,2247031.0
ESP,2000,977964704474.031,40567864.0
EST,2000,13979307068.9028,1396985.0
ETH,2000,16684709707.888,67411494.0
EUU,2000,11319869909643.6,429339162.0
FCS,2000,804431242026.564,621080692.0
FIN,2000,196036503503.623,5176209.0
FJI,2000,3330747234.58964,840909.0
FRA,2000,2025858476151.37,60918661.0
FSM,2000,305255189.683569,112044.0
GAB,2000,9689372094.82624,1275572.0
GBR,2000,2314307169243.88,58892514.0
GEO,2000,6365211520.66238,4077131.0
GHA,2000,20074507180.6623,19637087.0
GIN,2000,5176459579.46449,8428832.0
GMB,2000,960226283.311822,1455084.0
GNB,2000,705153195.39567,1234741.0
GNQ,2000,2699948863.55525,703279.0
GRC,2000,194535950663.831,10805808.0
GRD,2000,717463922.03278,107451.0
GRL,2000,1776741578.35367,56185.0
GTM,2000,37033785218.7019,11697592.0
GUY,2000,2875468427.07822,764832.0
HIC,2000,37869377916277.4,1255696330.0
HKG,2000,179510029573.087,6665000.0
HND,2000,11770779974.6587,6577773.0
HPC,2000,327354231483.985,481984327.0
HRV,2000,39679727338.7054,4468302.0
HTI,2000,11150259169.2375,8303151.0
HUN,2000,91691821698.8094,10210971.0
IBD,2000,10953389165622.8,3983328255.0
IBT,2000,11971859016260.3,5116723507.0
IDA,2000,1019618557048.0,1133395252.0
IDB,2000,510314089184.692,394129957.0
IDN,2000,395012382597.556,216077790.0
IDX,2000,509184189446.944,739265295.0
IMN,2000,3501118028.55419,75659.0
IND,2000,800534479623.61,1057922733.0
IRL,2000,162098435201.65,3805174.0
IRN,2000,258056537598.384,66418659.0
IRQ,2000,101916218527.399,24424056.0
ISL,2000,12224638522.2591,281205.0
ISR,2000,184981435200.171,6289000.0
ITA,2000,1856863206512.55,56942108.0
JAM,2000,13553906825.7897,2607826.0
JOR,2000,18380669691.8022,5386945.0
JPN,2000,3986755544463.82,126843000.0
KAZ,2000,66179326672.5077,15501103.0
KEN,2000,36630908098.8264,30642890.0
KGZ,2000,3518703233.18908,4898362.0
KHM,2000,7459479704.67578,12462336.0
KIR,2000,137844779.277017,88613.0
KNA,2000,635237944.035906,45248.0
KOR,2000,835011437852.054,47008111.0
KWT,2000,61264446634.5746,1954709.0
LAC,2000,3046842281848.95,462953688.0
LAO,2000,4981659930.07599,5431212.0
LBN,2000,25798443405.5655,4329340.0
LBR,2000,2210291803.5902,2928117.0
LBY,2000,57579668503.4421,5305021.0
LCA,2000,1459098899.46569,158616.0
LCN,2000,3507688633929.34,520272118.0
LDC,2000,430041751015.121,673630102.0
LIC,2000,220165478205.179,322668237.0
LKA,2000,37755216046.2078,19293054.0
LMC,2000,2183346998486.5,2126559759.0
LMY,2000,10443292205749.0,4814250279.0
LSO,2000,1453365294.1512,2003913.0
LTE,2000,7083079645648.96,2043581322.0
LTU,2000,22342117970.7075,3499536.0
LUX,2000,40369840252.809,436300.0
LVA,2000,15001703493.7099,2367550.0
MAC,2000,13681294587.0131,430600.0
MAR,2000,56160912155.7573,28423435.0
MCO,2000,3909415913.17981,32455.0
MDA,2000,3939281163.91139,2924668.0
MDG,2000,7688842733.27739,16516338.0
MDV,2000,1984591804.63877,282019.0
MEA,2000,1981800733261.7,494850317.0
MEX,2000,945027051117.631,98625552.0
MHL,2000,154176500.0,50706.0
MIC,2000,10228553065706.2,4491582042.0
MKD,2000,6653275727.54115,2026350.0
MLI,2000,7889185607.31589,11559290.0
MLT,2000,6701061697.46334,390087.0
MMR,2000,13523413252.2448,45290841.0
MNA,2000,1074822729338.12,462980522.0
MNE,2000,2656559076.11381,604950.0
MNG,2000,3817248910.66296,2388299.0
MOZ,2000,5210292403.59676,18129653.0
MRT,2000,3409611141.00167,2613441.0
MUS,2000,6817633870.93239,1186873.0
MWI,2000,4736773940.3021,11315942.0
MYS,2000,148271359064.948,22967816.0
NAC,2000,14820887932751.5,312909691.0
NAM,2000,5607973667.33031,1818647.0
NER,2000,4522117708.50312,11509630.0
NGA,2000,179675448843.374,126382494.0
NIC,2000,7324881903.35865,5022633.0
NLD,2000,647616371669.345,15925513.0
NOR,2000,304696827580.115,4490967.0
NPL,2000,13432367221.0195,24546509.0
NRU,2000,61821096.4003501,10168.0
NZL,2000,119024733715.31,3857700.0
OED,2000,36778557769118.3,1202226474.0
OMN,2000,45372727044.5609,2282131.0
OSS,2000,81714916900.7714,9788238.0
PAK,2000,162552194688.572,154879127.0
PAN,2000,20639538974.0522,3010369.0
PER,2000,87409379264.7108,26598331.0
PHL,2000,142796015521.852,79625397.0
PLW,2000,236780563.408324,19178.0
PNG,2000,11016425270.6953,5537064.0
POL,2000,283174187558.032,38258629.0
PRE,2000,607100044618.95,562428025.0
PRI,2000,99578589112.8593,3810605.0
PRT,2000,193677420299.115,10289898.0
PRY,2000,20783433276.2582,5100868.0
PSE,2000,7118400000.0,2922153.0
PSS,2000,6487074944.08412,2042274.0
PST,2000,34950617994124.0,1021150563.0
PYF,2000,5407300957.95024,240337.0
QAT,2000,33690588603.2193,644989.0
ROU,2000,102548919722.127,22442971.0
RUS,2000,780432873752.842,146596869.0
RWA,2000,2738155708.93407,8213931.0
SAS,2000,937951354420.202,1237185482.0
SAU,2000,359919640768.117,16177722.0
SDN,2000,37610270337.133,27816745.0
SEN,2000,10450471990.9721,9968260.0
SGP,2000,140533304238.721,4027887.0
SLB,2000,769815582.866258,440469.0
SLE,2000,3217030909.61881,4423611.0
SLV,2000,17621447036.1716,5943366.0
SMR,2000,1495569701.92883,26799.0
SOM,2000,2059706442.19268,8838713.0
SRB,2000,26625555756.526,7516346.0
SSA,2000,798293869507.806,613632482.0
SSF,2000,815874035642.389,681125107.0
SST,2000,129770784215.703,15786741.0
STP,2000,138248376.950013,144018.0
SUR,2000,2921018934.53474,476643.0
SVK,2000,48483456226.779,5388720.0
SVN,2000,32113425072.0193,1988925.0
SWE,2000,368740595935.982,8872109.0
SWZ,2000,2367182799.34336,1041414.0
SYC,2000,949537227.205275,81131.0
SYR,2000,20770487869.9399,16637888.0
TCD,2000,4516519365.60565,8512093.0
TEA,2000,3874274384053.77,1795374943.0
TEC,2000,1942265249935.22,438423541.0
TGO,2000,3492826929.75804,5140037.0
THA,2000,221454615181.944,63007815.0
TJK,2000,2699528109.30372,6284735.0
TKM,2000,10334005228.0022,4582677.0
TLA,2000,3335015282172.57,504556065.0
TLS,2000,832683766.647435,745088.0
TMN,2000,1067705953916.68,460058369.0
TON,2000,397019692.616479,102677.0
TSA,2000,937951354420.202,1237185482.0
TSS,2000,815874035642.389,681125107.0
TTO,2000,13228122077.6646,1319774.0
TUN,2000,27972115617.4879,9764935.0
TUR,2000,413901474163.049,65425961.0
TUV,2000,29171722.9332692,9544.0
TZA,2000,18486481203.1543,34260139.0
UGA,2000,12220817656.1968,24000150.0
UKR,2000,69836368849.3183,49556660.0
UMC,2000,8045233909359.79,2365022283.0
URY,2000,36242902749.5716,3266206.0
USA,2000,13650948362520.0,282162411.0
UZB,2000,31472652298.5356,24787054.0
VCT,2000,575442357.828232,113545.0
VEN,2000,91730367409.6068,24526708.0
VNM,2000,93525828108.839,77154011.0
VUT,2000,529362000.235808,186281.0
WLD,2000,48425685628052.2,6161884811.0
WSM,2000,535129944.383763,181685.0
YEM,2000,41498634363.6833,19624141.0
ZAF,2000,221691970228.101,47159719.0
ZMB,2000,8059030210.46366,10017631.0
ZWE,2000,19947126180.8466,11892055.0
ABW,2001,2652438618.61234,91439.0
AFE,2001,506978146950.777,416807868.0
AFG,2001,5621147630.73068,20284307.0
AFW,2001,343818790760.609,282780717.0
AGO,2001,36662544314.034,16747208.0
ALB,2001,6698469429.12028,3060173.0
AND,2001,2422703047.4382,65852.0
ARB,2001,1436484812508.49,293580252.0
ARE,2001,201704693314.365,3723590.0
ARG,2001,378202665751.853,37624825.0
ARM,2001,4339529550.80371,3211800.0
ATG,2001,1141296594.96992,76069.0
AUS,2001,892700520464.398,19274701.0
AUT,2001,313084486481.847,8042293.0
AZE,2001,13309965318.2008,8111200.0
BDI,2001,1744266681.79557,6634365.0
BEL,2001,371841895842.954,10286570.0
BEN,2001,6551040876.0552,7445596.0
BFA,2001,5445629583.60137,12295001.0
BGD,2001,87732050538.1162,136805810.0
BGR,2001,31537611343.1357,8009142.0
BHR,2001,16603189276.6705,661316.0
BHS,2001,10775999425.4187,327836.0
BIH,2001,10938351172.2094,4179438.0
BLR,2001,27333629960.0077,9928549.0
BLZ,2001,1431902589.03825,248379.0
BMU,2001,7226679645.63174,61867.0
BOL,2001,17626660726.9117,8752736.0
BRA,2001,1202908958645.15,176301203.0
BRB,2001,5507062853.82862,262425.0
BRN,2001,12423538115.8353,333345.0
BTN,2001,806919209.637853,610794.0
BWA,2001,8513264763.90086,1712254.0
CAF,2001,1750672710.15363,3919487.0
CAN,2001,1185010810251.65,31020855.0
CEB,2001,832314260013.409,107660041.0
CHE,2001,538186454855.434,7229854.0
CHL,2001,135383217071.739,15683849.0
CHN,2001,3059936242478.58,1271850000.0
CIV,2001,29751121585.5543,18178913.0
CMR,2001,17910981185.5697,15309490.0
COD,2001,16788480352.6195,52132646.0
COG,2001,6728876234.42485,3272537.0
COL,2001,159651401476.819,39709262.0
COM,2001,650371555.795489,547220.0
CPV,2001,944160982.565559,460293.0
CRI,2001,31487207663.2952,4008947.0
CSS,2001,42457972575.8385,3987087.0
CUB,2001,47138598430.4616,11144132.0
CUW,2001,2861109488.70189,129047.0
CYP,2001,16149016881.4093,964127.0
CZE,2001,132391536300.246,10216605.0
DEU,2001,2933181986968.52,82349925.0
DMA,2001,471027183.520201,68288.0
DNK,2001,265566018286.991,5358783.0
DOM,2001,36267520113.1855,8720283.0
DZA,2001,113105897561.895,31331221.0
EAP,2001,4149609185413.55,1836260943.0
EAR,2001,5482567055384.37,2556335424.0
EAS,2001,10710019004740.7,2068682053.0
ECA,2001,706504604825.691,219435056.0
ECS,2001,16346737499082.0,866590696.0
ECU,2001,52275588700.0666,12910740.0
EGY,2001,186035425185.202,74652029.0
EMU,2001,10271270687411.1,326861195.0
ERI,2001,2065307884.56551,2312079.0
ESP,2001,1016292009754.12,40850412.0
EST,2001,14801394595.5546,1388115.0
ETH,2001,18069758569.7896,69487762.0
EUU,2001,11564508558513.0,429909307.0
FCS,2001,837105561500.105,635481068.0
FIN,2001,201212380923.485,5188008.0
FJI,2001,3397362184.16937,849596.0
FRA,2001,2064338989612.96,61364377.0
FSM,2001,310811267.030026,112365.0
GAB,2001,9896262806.17442,1309589.0
GBR,2001,2369642769659.08,59119673.0
GEO,2001,6671206249.59299,4014373.0
GHA,2001,20877487493.6,20167069.0
GIN,2001,5365832405.72436,8539960.0
GMB,2001,1015919410.0795,1495011.0
GNB,2001,738901627.416716,1261273.0
GNQ,2001,4411173089.81689,749836.0
GRC,2001,203582678904.899,10862132.0
GRD,2001,702943169.422603,107987.0
GRL,2001,1799289052.24665,56379.0
GTM,2001,37897625984.6745,11969422.0
GUY,2001,2941015352.67748,764477.0
HIC,2001,38470254397250.4,1262093741.0
HKG,2001,180516832466.043,6714300.0
HND,2001,12091321063.1334,6757993.0
HPC,2001,339365702324.238,495197350.0
HRV,2001,40914256867.7491,4299642.0
HTI,2001,11112041891.9578,8455918.0
HUN,2001,95416367494.0372,10187576.0
IBD,2001,11353094203325.6,4031080605.0
IBT,2001,12412724358924.2,5192348770.0
IDA,2001,1060883737496.43,1161268165.0
IDB,2001,530577968720.168,404662385.0
IDN,2001,409404526219.842,219097902.0
IDX,2001,530194097703.822,756605780.0
IMN,2001,3690178368.17942,76476.0
IND,2001,839151992864.812,1077898575.0
IRL,2001,170699088560.512,3866243.0
IRN,2001,264229695672.548,67452005.0
IRQ,2001,103716679377.555,25197840.0
ISL,2001,12694179473.815,284968.0
ISR,2001,185495549157.594,6439000.0
ITA,2001,1894119928193.34,56976981.0
JAM,2001,13736197326.0583,2624403.0
JOR,2001,19349323186.586,5498894.0
JPN,2001,4002148544212.9,127149000.0
KAZ,2001,75113535772.261,15575550.0
KEN,2001,38015522174.3133,31619170.0
KGZ,2001,3705955297.86785,4945073.0
KHM,2001,8010713670.8994,12658484.0
KIR,2001,133510761.351974,90335.0
KNA,2001,668609850.727648,45761.0
KOR,2001,874473540684.493,47370164.0
KWT,2001,61395143657.0582,2008121.0
LAC,2001,3051197241671.27,469463143.0
LAO,2001,5268175760.92381,5521482.0
LBN,2001,26789018310.9609,4401918.0
LBR,2001,2274838397.37873,3015338.0
LBY,2001,56564631725.4858,5403639.0
LCA,2001,1409371875.70461,160237.0
LCN,2001,3526334240011.68,527572583.0
LDC,2001,451113690433.397,689878805.0
LIC,2001,229044421185.514,331269527.0
LKA,2001,37171743866.5487,19600362.0
LMC,2001,2278061809641.1,2169474338.0
LMY,2001,10825187656496.8,4888551481.0
LSO,2001,1505128088.4482,2000853.0
LTE,2001,7451035589426.68,2058600486.0
LTU,2001,23790809196.6404,3470818.0
LUX,2001,41610952660.8086,441525.0
LVA,2001,15970900289.3453,2337170.0
MAC,2001,14076443224.3656,433900.0
MAR,2001,60497559620.7789,28814643.0
MCO,2001,3994943522.21035,32447.0
MDA,2001,4179577330.63921,2918135.0
MDG,2001,8148653656.69862,17032939.0
MDV,2001,1906326757.09611,286767.0
MEA,2001,2020698620800.46,506478256.0
MEX,2001,940766441516.06,100099099.0
MHL,2001,164861000.0,51123.0
MIC,2001,10601859375534.5,4557281954.0
MKD,2001,6449202687.04079,2034882.0
MLI,2001,9136152788.48424,11912158.0
MLT,2001,6650321051.9369,393028.0
MMR,2001,15057508855.3381,45771139.0
MNA,2001,1105306178806.57,473223662.0
MNE,2001,2685776941.17021,607389.0
MNG,2001,3929961221.71521,2417751.0
MOZ,2001,5879902615.65954,18537729.0
MRT,2001,3382351510.30114,2678760.0
MUS,2001,7045856941.40101,1196287.0
MWI,2001,4501121160.06136,11593058.0
MYS,2001,149038923296.259,23526538.0
NAC,2001,14973625898933.5,316051677.0
NAM,2001,5674032719.94258,1857048.0
NER,2001,4850791323.99035,11920647.0
NGA,2001,190308075297.966,129862595.0
NIC,2001,7541760192.38638,5087825.0
NLD,2001,662664228363.74,16046180.0
NOR,2001,310995308438.91,4513751.0
NPL,2001,14077106359.8202,24946748.0
NRU,2001,57641317.132617,10130.0
NZL,2001,123084659196.388,3880500.0
OED,2001,37295771205818.9,1211109104.0
OMN,2001,47465846485.9487,2310217.0
OSS,2001,84321041360.8989,9961679.0
PAK,2001,168487544527.033,159270907.0
PAN,2001,20835595580.2716,3069537.0
PER,2001,87949475111.0632,26964601.0
PHL,2001,147150196386.034,81401488.0
PLW,2001,254174212.022669,19352.0
PNG,2001,11003063602.1014,5728435.0
POL,2001,286667833930.23,38248076.0
PRE,2001,633536862173.253,578587390.0
PRI,2001,105865455033.218,3818774.0
PRT,2001,197441874347.86,10362722.0
PRY,2001,20610088070.7157,5187689.0
PSE,2001,6455600000.0,2997784.0
PSS,2001,6545248440.88043,2069097.0
PST,2001,35481712173146.3,1026105872.0
PYF,2001,5388829856.98392,244097.0
QAT,2001,35003910634.6135,677925.0
ROU,2001,107900062083.039,22131970.0
RUS,2001,820235350096.64,145976482.0
RWA,2001,2970476182.30558,8287094.0
SAS,2001,980846139596.03,1260149056.0
SAU,2001,361159899361.903,17041397.0
SDN,2001,40055073506.847,28516770.0
SEN,2001,10900976316.0181,10212942.0
SGP,2001,139028385430.873,4138012.0
SLB,2001,708564389.239921,449125.0
SLE,2001,3012895640.5399,4692716.0
SLV,2001,17776447691.3707,5968060.0
SMR,2001,1578997708.27105,27143.0
SOM,2001,2206158044.12531,9198493.0
SRB,2001,28430375122.4264,7503433.0
SSA,2001,831300350971.552,630019621.0
SSF,2001,850252079213.816,699588585.0
SST,2001,133302246944.172,16017863.0
STP,2001,142484974.901201,146375.0
SUR,2001,3043701742.07788,486560.0
SVK,2001,49901675269.4696,5378867.0
SVN,2001,33021812643.9619,1992060.0
SWE,2001,373758441664.22,8895960.0
SWZ,2001,2400612484.65221,1051064.0
SYC,2001,927971690.1167,81202.0
SYR,2001,20988014510.4076,17051338.0
TCD,2001,5043061274.95238,8804124.0
TEA,2001,4144713214708.58,1812475067.0
TEC,2001,1993866084347.18,438100368.0
TGO,2001,3521588220.24187,5277382.0
THA,2001,229082063572.247,63651141.0
TJK,2001,2958165475.04676,6407377.0
TKM,2001,10782898471.2171,4675409.0
TLA,2001,3345495778855.99,511809816.0
TLS,2001,968808340.666063,812249.0
TMN,2001,1098853318819.24,470225878.0
TON,2001,402945137.109236,103288.0
TSA,2001,980846139596.03,1260149056.0
TSS,2001,850252079213.816,699588585.0
TTO,2001,13779539518.821,1325567.0
TUN,2001,29034013115.9435,9869677.0
TUR,2001,391304902374.343,66245128.0
TUV,2001,29171722.9332692,9586.0
TZA,2001,19608760036.0732,35198299.0
UGA,2001,12854303430.1863,24745676.0
UKR,2001,75981969310.6229,49106855.0
UMC,2001,8323828316281.66,2387807616.0
URY,2001,34849678466.8177,3274251.0
USA,2001,13781388409036.2,284968955.0
UZB,2001,32783122633.228,25090283.0
VCT,2001,585502419.631668,113501.0
VEN,2001,94843912662.0328,24979922.0
VNM,2001,99317782863.096,77969361.0
VUT,2001,511376489.610351,191031.0
WLD,2001,49412868939567.6,6245112906.0
WSM,2001,574676737.921687,183166.0
YEM,2001,43077095456.5446,20226147.0
ZAF,2001,227677653424.683,47566800.0
ZMB,2001,8487518230.93072,10325185.0
ZWE,2001,20234268508.5287,11971901.0
ABW,2002,2627374307.5502,92074.0
AFE,2002,526837055747.211,427820358.0
AFG,2002,7228795918.92525,21378117.0
AFW,2002,378005749070.855,290841795.0
AGO,2002,41672733511.8008,17327699.0
ALB,2002,7008501111.79519,3051010.0
AND,2002,2532847903.3358,66506.0
ARB,2002,1454020678602.03,300691509.0
ARE,2002,206613089911.721,3956826.0
ARG,2002,336999433710.193,38029349.0
ARM,2002,4912347451.42022,3199800.0
ASM,2002,744923664.122138,57062.0
ATG,2002,1153020391.45654,77032.0
AUS,2002,927960453450.18,19495210.0
AUT,2002,317731814841.85,8081957.0
AZE,2002,14566281800.0274,8171950.0
BDI,2002,1821825838.40298,6824132.0
BEL,2002,378188843981.109,10332785.0
BEN,2002,6855207726.28555,7675426.0
BFA,2002,5682675869.68484,12680897.0
BGD,2002,91094928770.2862,138933658.0
BGR,2002,33389478145.9504,7837161.0
BHR,2002,17159155482.6073,710553.0
BHS,2002,11067485495.0867,331614.0
BIH,2002,11488270722.7089,4188002.0
BLR,2002,28712684731.6691,9865548.0
BLZ,2002,1509212058.06817,256009.0
BMU,2002,7119884453.30351,62142.0
BOL,2002,18064782966.6648,8900355.0
BRA,2002,1239639324869.85,178503484.0
BRB,2002,5550425578.6684,264148.0
BRN,2002,12915688987.5154,340099.0
BTN,2002,891192074.385711,624409.0
BWA,2002,9029979997.34259,1744763.0
CAF,2002,1813986527.35151,4006077.0
CAN,2002,1220552310378.31,31359199.0
CEB,2002,861798493029.812,106959751.0
CHE,2002,537792409495.674,7284753.0
CHL,2002,139719269577.32,15857925.0
CHN,2002,3342778183071.46,1280400000.0
CIV,2002,28938759334.2241,18654771.0
CMR,2002,18712860619.4251,15725528.0
COD,2002,17283365331.3092,53750524.0
COG,2002,7037184600.05768,3350771.0
COL,2002,163649041384.447,40324680.0
COM,2002,680273575.86388,558923.0
CPV,2002,993737848.225922,467046.0
CRI,2002,32563086627.9419,4075705.0
CSS,2002,44149943224.4098,4018796.0
CUB,2002,47810239203.2308,11177418.0
CUW,2002,2872469959.29505,129205.0
CYP,2002,16750240728.3241,981440.0
CZE,2002,134395228572.192,10196916.0
DEU,2002,2926486831428.63,82488495.0
DMA,2002,456484593.584498,68367.0
DNK,2002,266778406880.15,5375931.0
DOM,2002,37894663734.2472,8852235.0
DZA,2002,119213616030.237,31750835.0
EAP,2002,4488016467165.66,1852659155.0
EAR,2002,5577667913421.7,2601917557.0
EAS,2002,11186135765067.3,2086144389.0
ECA,2002,751702563259.751,220400259.0
ECS,2002,16602201918423.5,868234843.0
ECU,2002,54851779632.3615,13138472.0
EGY,2002,190482051407.276,76239137.0
EMU,2002,10368515674185.0,328469678.0
ERI,2002,2127379250.62751,2392978.0
ESP,2002,1044295490089.67,41431558.0
EST,2002,15827575405.1485,1379350.0
ETH,2002,18343465847.9802,71635517.0
EUU,2002,11691451596944.9,430924112.0
FCS,2002,864079514756.333,651226758.0
FIN,2002,204607490634.566,5200598.0
FJI,2002,3506077743.95308,858049.0
FRA,2002,2086380974762.6,61812142.0
FSM,2002,312188883.232805,112448.0
GAB,2002,9871617829.34082,1345135.0
GBR,2002,2410140612988.09,59370479.0
GEO,2002,7036389739.95908,3978515.0
GHA,2002,21816974338.743,20729388.0
GIN,2002,5642956694.13195,8674066.0
GMB,2002,982902027.731066,1535691.0
GNB,2002,765900620.254642,1289307.0
GNQ,2002,5269712387.32535,797957.0
GRC,2002,213116735217.242,10902022.0
GRD,2002,727105600.384471,108404.0
GRL,2002,1781814765.21794,56595.0
GTM,2002,39352624644.841,12246915.0
GUM,2002,4800664422.202,162315.0
GUY,2002,2974326085.51831,763652.0
HIC,2002,39100740462981.9,1268559564.0
HKG,2002,183507428690.366,6744100.0
HND,2002,12545270107.7257,6938859.0
HPC,2002,352642147233.271,509679981.0
HRV,2002,43288645498.5317,4302174.0
HTI,2002,11228920585.9316,8607641.0
HUN,2002,99929623991.0794,10158608.0
IBD,2002,11865563191388.2,4077229003.0
IBT,2002,12983004665427.8,5267145775.0
IDA,2002,1118908930651.29,1189916772.0
IDB,2002,564514589806.795,414935066.0
IDN,2002,427825582126.161,222088495.0
IDX,2002,554106310793.806,774981706.0
IMN,2002,3918969360.39539,77275.0
IND,2002,871073127580.09,1097600380.0
IRL,2002,180769250950.138,3931947.0
IRN,2002,285576361692.342,68011317.0
IRQ,2002,95208069160.7452,26006559.0
ISL,2002,12763018324.3319,287523.0
ISR,2002,185246850387.665,6570000.0
ITA,2002,1899232719747.26,57089824.0
JAM,2002,14010549151.015,2640572.0
JOR,2002,20468450874.8326,5616066.0
JPN,2002,4003827945767.2,127445000.0
KAZ,2002,82474662277.6485,15656677.0
KEN,2002,38223413680.2696,32629808.0
KGZ,2002,3705313255.4532,4990704.0
KHM,2002,8512590714.58905,12855241.0
KIR,2002,135442868.932774,92264.0
KNA,2002,677754528.432512,46020.0
KOR,2002,942192762521.074,47644736.0
KWT,2002,63245767128.4116,2059974.0
LAC,2002,3061447259522.55,475799008.0
LAO,2002,5579985581.01999,5610889.0
LBN,2002,27706046545.3127,4463504.0
LBR,2002,2360440967.03039,3094782.0
LBY,2002,56022234980.534,5508410.0
LCA,2002,1415241211.82979,161641.0
LCN,2002,3533889214212.5,534691591.0
LDC,2002,475571943228.706,707266809.0
LIC,2002,241130252733.497,341035328.0
LKA,2002,38645482957.365,19805752.0
LMC,2002,2381242812499.98,2211549617.0
LMY,2002,11344993463388.7,4961926647.0
LSO,2002,1516022748.40945,1994679.0
LTE,2002,7901975176184.56,2072599555.0
LTU,2002,25389513378.757,3443067.0
LUX,2002,42953079744.2546,446175.0
LVA,2002,17195147700.3185,2310173.0
MAC,2002,15329923614.3899,438400.0
MAR,2002,62754238001.606,29198142.0
MCO,2002,4035951520.51955,32422.0
MDA,2002,4505584348.12398,2911385.0
MDG,2002,7137571065.48697,17549913.0
MDV,2002,2044885954.92519,291616.0
MEA,2002,2062854743334.16,518193093.0
MEX,2002,938540700989.319,101548624.0
MHL,2002,170855000.0,51425.0
MIC,2002,11109973863679.8,4620891319.0
MKD,2002,6545532200.7983,2020157.0
MLI,2002,9413551548.87703,12288050.0
MLT,2002,6832615339.53483,395969.0
MMR,2002,16868251605.5673,46232653.0
MNA,2002,1140574844728.22,483540516.0
MNE,2002,2736912434.92843,609828.0
MNG,2002,4115965440.05725,2449027.0
MNP,2002,1607115151.51515,66778.0
MOZ,2002,6448401314.435,18958338.0
MRT,2002,3429078153.90208,2738655.0
MUS,2002,7159641799.80767,1204621.0
MWI,2002,4577640221.16799,11880440.0
MYS,2002,157073594223.932,24102477.0
NAC,2002,15243405854615.2,319046534.0
NAM,2002,5945742924.34569,1889970.0
NER,2002,5089376067.96136,12349144.0
NGA,2002,219480696548.007,133471989.0
NIC,2002,7598620454.41747,5149909.0
NLD,2002,664292962005.237,16148929.0
NOR,2002,315279446147.563,4538159.0
NPL,2002,14094019042.6825,25328981.0
NRU,2002,51893680.3161027,10082.0
NZL,2002,128886227124.252,3948500.0
OED,2002,37868472182515.0,1220101353.0
OMN,2002,47093635557.5669,2337140.0
OSS,2002,87267102922.7321,10136134.0
PAK,2002,172859487443.654,163222549.0
PAN,2002,21358328188.2411,3129344.0
PER,2002,92745825187.2292,27288217.0
PHL,2002,152618672919.07,83068889.0
PLW,2002,266158469.41552,19503.0
PNG,2002,10985579675.3822,5924003.0
POL,2002,292117946677.278,38230364.0
PRE,2002,671588572039.749,596114535.0
PRI,2002,106835668972.022,3823701.0
PRT,2002,198964002685.767,10419631.0
PRY,2002,20605676606.0555,5261328.0
PSE,2002,5649400000.0,3075373.0
PSS,2002,6675848574.92709,2095273.0
PST,2002,36023071812672.2,1031302538.0
PYF,2002,5434429137.37377,247775.0
QAT,2002,37517944590.3984,711205.0
ROU,2002,114053593614.452,21730496.0
RUS,2002,858786345187.109,145306497.0
RWA,2002,3362343587.30108,8400180.0
SAS,2002,1017843636379.73,1282584796.0
SAU,2002,358673710260.03,17910910.0
SDN,2002,42460970095.8851,29228727.0
SEN,2002,10908464913.3606,10466214.0
SGP,2002,144482970559.889,4175950.0
SLB,2002,688724707.61448,457671.0
SLE,2002,3812040149.67774,4971435.0
SLV,2002,18056056716.4359,5986631.0
SMR,2002,1583905238.05588,27491.0
SOM,2002,2374493799.80391,9550063.0
SRB,2002,30290019038.036,7500031.0
SSA,2002,885395265724.079,646942913.0
SSF,2002,904613494976.732,718662153.0
SST,2002,138071386167.887,16250203.0
STP,2002,147272738.169326,149922.0
SUR,2002,3128925411.81216,496551.0
SVK,2002,52105958758.2435,5376912.0
SVN,2002,34105781287.8601,1994530.0
SWE,2002,382271644878.765,8924958.0
SWZ,2002,2498765077.55051,1059441.0
SYC,2002,939226436.101185,83723.0
SYR,2002,21818055209.1143,17468332.0
TCD,2002,5471278189.1196,9116192.0
TEA,2002,4482702029764.71,1828744767.0
TEC,2002,2093410377851.17,437806951.0
TGO,2002,3656346110.13786,5413274.0
THA,2002,243168402250.2,64266437.0
TJK,2002,3277647457.55418,6531669.0
TKM,2002,10810629921.4189,4769465.0
TLA,2002,3351106381897.8,518881965.0
TLS,2002,903891451.637433,879159.0
TMN,2002,1134929523943.76,480465143.0
TON,2002,420792478.214925,103874.0
TSA,2002,1017843636379.73,1282584796.0
TSS,2002,904613494976.733,718662153.0
TTO,2002,14873181566.6564,1332011.0
TUN,2002,29418004531.8437,9971515.0
TUR,2002,416487363949.901,67048795.0
TUV,2002,31949982.2602472,9623.0
TZA,2002,20999647619.2893,36121304.0
UGA,2002,13976829355.9471,25532870.0
UKR,2002,80039138412.8861,48677281.0
UMC,2002,8728762520086.83,2409341702.0
URY,2002,32155098813.2195,3278867.0
USA,2002,14015733659783.6,287625193.0
UZB,2002,34085756140.1454,25399980.0
VCT,2002,616780702.911886,113347.0
VEN,2002,86444870221.0213,25435671.0
VIR,2002,4688209978.65528,108509.0
VNM,2002,105595482130.707,78772224.0
VUT,2002,484793509.619977,195863.0
WLD,2002,50554835407744.4,6327557399.0
WSM,2002,607157232.67461,184471.0
YEM,2002,44772278888.5091,20835086.0
ZAF,2002,236102579035.79,48019415.0
ZMB,2002,8869967014.46174,10647949.0
ZWE,2002,18434630065.6726,12087653.0
ABW,2003,2656551420.08012,93128.0
AFE,2003,542691545186.725,439173286.0
AFG,2003,7867263256.28817,22733049.0
AFW,2003,399273715782.54,299142845.0
AGO,2003,43125991915.3832,17943712.0
ALB,2003,7382282996.75923,3039616.0
AND,2003,2753058859.8714,69486.0
ARB,2003,1516478597545.85,307815105.0
ARE,2003,224796159215.545,4192457.0
ARG,2003,366780211148.674,38424282.0
ARM,2003,5600076094.6952,3182500.0
ASM,2003,752116030.534351,56971.0
ATG,2003,1223085251.30795,77884.0
AUS,2003,956646310281.468,19720737.0
AUT,2003,321358930178.288,8121423.0
AZE,2003,16053251457.6915,8234100.0
BDI,2003,1799531646.23167,7043154.0
BEL,2003,382114274683.528,10376133.0
BEN,2003,7091272067.48876,7913070.0
BFA,2003,6126066307.13183,13082532.0
BGD,2003,95412434316.9993,140970351.0
BGR,2003,35138136419.3122,7775327.0
BHR,2003,18239571633.5594,764517.0
BHS,2003,10927491025.4318,335618.0
BIH,2003,11932537720.474,4178523.0
BLR,2003,30734974379.4373,9796749.0
BLZ,2003,1655080826.31517,263780.0
BMU,2003,7362722827.73814,62386.0
BOL,2003,18554580623.7089,9050700.0
BRA,2003,1253781489768.13,180622688.0
BRB,2003,5671174021.12643,265776.0
BRN,2003,13378513545.1324,346637.0
BTN,2003,960585283.615957,637663.0
BWA,2003,9447697367.92895,1775736.0
CAF,2003,1716076872.67107,4103086.0
CAN,2003,1242600185731.73,31642461.0
CEB,2003,896243466423.033,106624167.0
CHE,2003,537618173222.303,7339001.0
CHL,2003,146318553366.968,16024752.0
CHN,2003,3681006926650.74,1288400000.0
CIV,2003,27571152176.3563,19125542.0
CMR,2003,19733301668.5758,16160340.0
COD,2003,18247400738.9274,55343867.0
COG,2003,7094415494.39314,3445753.0
COL,2003,170061255792.911,40937429.0
COM,2003,693432979.229646,569798.0
CPV,2003,1035238917.7863,473383.0
CRI,2003,33968893647.7095,4138784.0
CSS,2003,46843061713.4239,4050990.0
CUB,2003,49623557376.225,11209383.0
CUW,2003,2880748035.15219,131897.0
CYP,2003,17189649730.2275,999590.0
CZE,2003,138831395778.178,10193998.0
DEU,2003,2910982263391.97,82534176.0
DMA,2003,482983317.391998,68531.0
DNK,2003,267955142440.516,5390574.0
DOM,2003,37383329266.8199,8980620.0
DZA,2003,126962501072.943,32175818.0
EAP,2003,4893015449688.68,1868409996.0
EAR,2003,5855296403827.36,2647109296.0
EAS,2003,11744544115871.1,2102761941.0
ECA,2003,801444138767.617,221399692.0
ECS,2003,16905404614619.9,870529446.0
ECU,2003,56433979416.1321,13372306.0
EGY,2003,196565009501.834,77853548.0
EMU,2003,10446610415297.0,330286340.0
ERI,2003,2070886355.8446,2493903.0
ESP,2003,1074990358774.14,42187645.0
EST,2003,17029885802.1805,1370720.0
ETH,2003,17946997565.4188,73832663.0
EUU,2003,11800997102454.8,432512916.0
FCS,2003,866062169210.656,667644273.0
FIN,2003,208723783982.573,5213014.0
FJI,2003,3541138498.41929,866286.0
FRA,2003,2106573536968.08,62249855.0
FSM,2003,317692041.756323,112285.0
GAB,2003,10093465659.4406,1382350.0
GBR,2003,2487711377293.16,59647577.0
GEO,2003,7814405534.92863,3951736.0
GHA,2003,22951457033.3962,21296705.0
GIN,2003,5713414722.47307,8870781.0
GMB,2003,1050427393.31825,1577611.0
GNB,2003,763710672.551679,1318806.0
GNQ,2003,6005113941.93001,847862.0
GRC,2003,225470734593.334,10928070.0
GRD,2003,795918681.218461,108884.0
GRL,2003,1860749973.98387,56751.0
GTM,2003,40360200458.0268,12525842.0
GUM,2003,4842877343.03913,163137.0
GUY,2003,2955521640.87583,763101.0
HIC,2003,39998632625769.7,1275200577.0
HKG,2003,189116020461.734,6730800.0
HND,2003,13115708313.2068,7119213.0
HPC,2003,366834703233.119,524773987.0
HRV,2003,45699118672.157,4303399.0
HTI,2003,11619774577.796,8759912.0
HUN,2003,103865629649.023,10129552.0
IBD,2003,12564759202234.0,4122775918.0
IBT,2003,13737859673355.3,5341840046.0
IDA,2003,1174493842295.49,1219064128.0
IDB,2003,590065558285.996,425311302.0
IDN,2003,448277224148.753,225048008.0
IDX,2003,584212268008.26,793752826.0
IMN,2003,4154107509.79688,78049.0
IND,2003,939542798342.002,1116803006.0
IRL,2003,186217344582.055,3996521.0
IRN,2003,310248155730.812,68769340.0
IRQ,2003,60307856288.9303,26802659.0
ISL,2003,13054189959.3992,289521.0
ISR,2003,187931184126.957,6689700.0
ITA,2003,1900496731461.62,57399184.0
JAM,2003,14524220379.0531,2656623.0
JOR,2003,21320279753.9925,5741828.0
JPN,2003,4065291729517.45,127718000.0
KAZ,2003,90144805869.7482,15747380.0
KEN,2003,39344305939.1787,33652223.0
KGZ,2003,3965807641.19042,5043308.0
KHM,2003,9387998414.66106,13050968.0
KIR,2003,133309011.374931,94175.0
KNA,2003,651095766.645498,46176.0
KOR,2003,971162614185.718,47892330.0
KWT,2003,74203741654.2937,2109881.0
LAC,2003,3134533079125.6,481977727.0
LAO,2003,5918523434.75225,5697945.0
LBN,2003,28600147893.7267,4525508.0
LBR,2003,1648882904.55436,3119532.0
LBY,2003,63314109952.651,5619398.0
LCA,2003,1475595751.12365,162976.0
LCN,2003,3612004868342.94,541643365.0
LDC,2003,500087175284.649,725111768.0
LIC,2003,254818858286.451,351244442.0
LKA,2003,40941128631.5337,19951521.0
LMC,2003,2522864370278.28,2253206148.0
LMY,2003,12018607440011.5,5034824498.0
LSO,2003,1585150007.49012,1985059.0
LTE,2003,8445702132057.47,2086139068.0
LTU,2003,28068588415.9846,3415213.0
LUX,2003,44078183528.9345,451630.0
LVA,2003,18644549495.6873,2287955.0
MAC,2003,17114841063.7583,443600.0
MAR,2003,66626866131.8459,29571415.0
MCO,2003,4079843968.34329,32374.0
MDA,2003,4802952913.19777,2903198.0
MDG,2003,7835974694.57165,18071854.0
MDV,2003,2326058788.83095,296491.0
MEA,2003,2159800806865.6,530338988.0
MEX,2003,949667522095.5,102978515.0
MHL,2003,168186800.0,51639.0
MIC,2003,11770192676195.0,4683580056.0
MKD,2003,6691013307.97393,2022725.0
MLI,2003,10335808731.4911,12684955.0
MLT,2003,7084965036.70896,398582.0
MMR,2003,19203491833.3034,46667192.0
MNA,2003,1172527821081.59,494288606.0
MNE,2003,2804860644.07795,612267.0
MNG,2003,4404273778.31917,2480374.0
MNP,2003,1612630303.0303,65421.0
MOZ,2003,6913827631.93056,19392475.0
MRT,2003,3666653932.36533,2802046.0
MUS,2003,7583882471.8971,1213370.0
MWI,2003,4838823865.43116,12181574.0
MYS,2003,166165798103.902,24679602.0
NAC,2003,15657521254322.3,321812780.0
NAM,2003,6197830193.6963,1917464.0
NER,2003,5199846593.3602,12796984.0
NGA,2003,235606371240.502,137202644.0
NIC,2003,7790161379.81727,5210963.0
NLD,2003,664942855515.362,16225302.0
NOR,2003,318258551154.607,4564855.0
NPL,2003,14650033415.89,25688758.0
NRU,2003,52041399.2382282,10059.0
NZL,2003,134980022138.236,4027200.0
OED,2003,38642630238993.0,1229012217.0
OMN,2003,46060087700.6298,2363796.0
OSS,2003,90992764305.36,10269557.0
PAK,2003,182196165734.208,167110248.0
PAN,2003,22446932303.4442,3189807.0
PER,2003,96608710264.5646,27580490.0
PHL,2003,160382249186.079,84731835.0
PLW,2003,260495247.76016,19659.0
PNG,2003,11223318880.0206,6123997.0
POL,2003,302410346199.761,38204570.0
PRE,2003,667767114864.204,614269146.0
PRI,2003,106892740374.551,3826095.0
PRT,2003,197112600768.677,10458821.0
PRY,2003,21495995447.7717,5326436.0
PSE,2003,6441200000.0,3154969.0
PSS,2003,6802298089.20558,2120592.0
PST,2003,36754099057910.5,1036498631.0
PYF,2003,5550015578.46015,251637.0
QAT,2003,38913596625.4518,744682.0
ROU,2003,116723756275.208,21574326.0
RUS,2003,921477339133.556,144648618.0
RWA,2003,3436395422.55803,8586875.0
SAS,2003,1093833038778.87,1304347790.0
SAU,2003,390124853185.866,18786767.0
SDN,2003,45131259048.7124,29896035.0
SEN,2003,11518679089.4187,10721176.0
SGP,2003,151054425108.65,4114826.0
SLB,2003,733653435.607267,466154.0
SLE,2003,4173559981.29382,5177687.0
SLV,2003,18338704970.0344,5998599.0
SMR,2003,1645249360.36634,27843.0
SOM,2003,2555674023.59433,9909157.0
SRB,2003,31671150000.8568,7480591.0
SSA,2003,923146894162.549,664400687.0
SSF,2003,941889898969.575,738316131.0
SST,2003,144623202253.525,16441139.0
STP,2003,159483885.915675,153814.0
SUR,2003,3326047695.01974,506414.0
SVK,2003,54636588083.9574,5373374.0
SVN,2003,35195471631.5843,1995733.0
SWE,2003,389462280395.789,8958229.0
SWZ,2003,2612175410.09597,1066700.0
SYC,2003,883932969.017981,82781.0
SYR,2003,23389922826.4268,17889296.0
TCD,2003,6276741545.47066,9487833.0
TEA,2003,4887187220455.4,1844349334.0
TEC,2003,2222956132942.97,437905932.0
TGO,2003,3902058836.57049,5552167.0
THA,2003,260650370324.981,64868166.0
TJK,2003,3638188647.66711,6658575.0
TKM,2003,11164010879.7579,4863865.0
TLA,2003,3427320643718.26,525787222.0
TLS,2003,884166124.62497,916878.0
TMN,2003,1166090031085.29,491133637.0
TON,2003,421010471.631098,104464.0
TSA,2003,1093833038778.87,1304347790.0
TSS,2003,941889898969.575,738316131.0
TTO,2003,17021016160.8097,1338709.0
TUN,2003,30801356639.5236,10071632.0
TUR,2003,440639854394.832,67831730.0
TUV,2003,30560852.5967582,9695.0
TZA,2003,22400909970.0774,37089555.0
UGA,2003,14881585674.2548,26352124.0
UKR,2003,87656150954.4385,48315136.0
UMC,2003,9247361659283.89,2430373908.0
URY,2003,32414038652.1022,3281186.0
USA,2003,14407558345762.9,290107933.0
UZB,2003,35528479187.7393,25711259.0
VCT,2003,658051576.157716,113141.0
VEN,2003,79740811157.8949,25892703.0
VIR,2003,4669640875.1334,108505.0
VNM,2003,112880581486.059,79563777.0
VUT,2003,505583079.937727,200746.0
WLD,2003,52118918453371.3,6409750441.0
WSM,2003,638806086.213381,185430.0
YEM,2003,46450074454.9115,21456379.0
ZAF,2003,243065422272.369,48500348.0
ZMB,2003,9485983915.84691,10983595.0
ZWE,2003,15301651166.8693,12232323.0
ABW,2004,2850313056.72604,95138.0
AFE,2004,573270574876.558,450928044.0
AFG,2004,7978515641.58304,23560654.0
AFW,2004,431500987746.921,307725100.0
AGO,2004,48050921277.9001,18600423.0
ALB,2004,7771053341.65332,3026939.0
AND,2004,2977038818.11546,74325.0
ARB,2004,1654092841328.02,315060277.0
ARE,2004,246301141350.818,4428967.0
ARG,2004,399898899166.738,38815916.0
ARM,2004,6188084084.57212,3164900.0
ASM,2004,755198473.282443,56818.0
ATG,2004,1293621842.2095,78719.0
AUS,2004,997006658239.536,19932722.0
AUT,2004,329602607297.434,8171966.0
AZE,2004,17538787529.6067,8306500.0
BDI,2004,1886514847.43907,7310656.0
BEL,2004,395760365336.901,10421137.0
BEN,2004,7405393050.93385,8159094.0
BFA,2004,6400419254.55947,13500533.0
BGD,2004,100411600213.555,142902856.0
BGR,2004,37425778712.9317,7716860.0
BHR,2004,19512869154.2447,823741.0
BHS,2004,11023912337.1748,339782.0
BIH,2004,12687302704.3598,4140987.0
BLR,2004,34254050021.1784,9730146.0
BLZ,2004,1734204696.97331,271688.0
BMU,2004,7533631299.4758,62555.0
BOL,2004,19328918118.4656,9204287.0
BRA,2004,1325998860202.27,182675143.0
BRB,2004,5751228217.57511,267298.0
BRN,2004,13392499225.471,352911.0
BTN,2004,1010125138.87137,650544.0
BWA,2004,9703335214.03812,1807146.0
CAF,2004,1818953694.45096,4192826.0
CAN,2004,1281025904587.38,31938807.0
CEB,2004,948889245814.164,106331716.0
CHE,2004,552143052490.049,7389625.0
CHL,2004,156084225513.955,16187322.0
CHN,2004,4053944733453.66,1296075000.0
CIV,2004,28449303912.4541,19595000.0
CMR,2004,21124275032.771,16610487.0
COD,2004,19476978833.8136,56997741.0
COG,2004,7341062186.80916,3565554.0
COL,2004,179130660092.783,41543171.0
COM,2004,714932259.250788,580704.0
CPV,2004,1140802982.16763,479370.0
CRI,2004,35471881178.9969,4200078.0
CSS,2004,49026269655.7863,4080569.0
CUB,2004,52487103646.4154,11238756.0
CUW,2004,2886753273.41984,134192.0
CYP,2004,18053648327.3531,1017875.0
CZE,2004,145406922288.089,10197101.0
DEU,2004,2944810405337.25,82516260.0
DMA,2004,502775184.653807,68649.0
DNK,2004,275394519880.793,5404523.0
DOM,2004,38349900170.1598,9104892.0
DZA,2004,132675813620.929,32628286.0
EAP,2004,5340684727145.47,1883675167.0
EAR,2004,6228020192519.4,2693184997.0
EAS,2004,12437016447814.1,2118747885.0
ECA,2004,878439066771.28,222413290.0
ECS,2004,17442784488439.7,873069464.0
ECU,2004,60289773139.5514,13608701.0
EGY,2004,204608590453.316,79477443.0
EMU,2004,10688122950746.6,332140117.0
ERI,2004,2100950149.6029,2598284.0
ESP,2004,1108471271904.22,42921895.0
EST,2004,18188037434.5502,1362550.0
ETH,2004,20382872320.545,76077206.0
EUU,2004,12107812246876.8,434193248.0
FCS,2004,969502694862.591,684007365.0
FIN,2004,217083963685.375,5228172.0
FJI,2004,3728818828.37532,874366.0
FRA,2004,2166995343501.89,62707588.0
FSM,2004,307556448.418513,111925.0
GAB,2004,10163064451.2538,1421609.0
GBR,2004,2545576004983.01,59987905.0
GEO,2004,8267069270.18365,3927340.0
GHA,2004,24236738625.149,21868298.0
GIN,2004,5847115329.55072,9062726.0
GMB,2004,1124482524.55398,1621312.0
GNB,2004,772660533.181804,1349563.0
GNQ,2004,8286980786.09409,899917.0
GRC,2004,237596249349.014,10955141.0
GRD,2004,790765503.201134,109323.0
GRL,2004,1989264212.32217,56898.0
GTM,2004,41626669983.2797,12807402.0
GUM,2004,5157363603.27571,163810.0
GUY,2004,3001726850.82003,762418.0
HIC,2004,41404604911602.6,1282168195.0
HKG,2004,205569305107.619,6783500.0
HND,2004,13933118990.7264,7298994.0
HPC,2004,387989902220.417,539803501.0
HRV,2004,47604993515.2593,4304600.0
HTI,2004,11466642593.0665,8910263.0
HUN,2004,109020611056.081,10107146.0
IBD,2004,13535948779182.1,4168676771.0
IBT,2004,14788058342406.7,5417128229.0
IDA,2004,1253426792698.42,1248451458.0
IDB,2004,633618064339.056,436147454.0
IDN,2004,470829486219.898,227926649.0
IDX,2004,619443263465.501,812304004.0
IMN,2004,4370121229.25085,78792.0
IND,2004,1013982178697.24,1135991513.0
IRL,2004,198858038461.921,4070262.0
IRN,2004,323702581949.347,70256316.0
IRQ,2004,92503535426.8886,27577878.0
ISL,2004,14049259322.2162,292074.0
ISR,2004,196666032830.423,6809000.0
ITA,2004,1928510465814.16,57828179.0
JAM,2004,14716481130.4443,2672225.0
JOR,2004,23146833797.5894,5882061.0
JPN,2004,4154163710039.3,127761000.0
KAZ,2004,98798707234.4777,15850159.0
KEN,2004,41352557259.2179,34713455.0
KGZ,2004,4244477505.27223,5104713.0
KHM,2004,10275886653.5849,13244731.0
KIR,2004,132497202.691574,96085.0
KNA,2004,677115810.577404,46315.0
KOR,2004,1021504157422.6,48082519.0
KWT,2004,81802425970.3532,2157320.0
LAC,2004,3300131596123.41,488032486.0
LAO,2004,6294805131.65111,5781626.0
LBN,2004,30510478932.4999,4599279.0
LBR,2004,1692081112.12779,3156892.0
LBY,2004,66138956972.5768,5736693.0
LCA,2004,1582833327.62538,164239.0
LCN,2004,3818690961691.94,548455563.0
LDC,2004,532818903253.474,742717957.0
LIC,2004,269378740081.925,361305645.0
LKA,2004,43170398173.7749,20087605.0
LMC,2004,2702270854244.62,2295275996.0
LMY,2004,12942272214877.2,5108183576.0
LSO,2004,1611976676.82948,1971129.0
LTE,2004,9138279343528.71,2099412663.0
LTU,2004,29893617960.0569,3377075.0
LUX,2004,45943523456.1968,458095.0
LVA,2004,20271313178.6916,2263122.0
MAC,2004,21673699752.6806,454700.0
MAR,2004,69672633474.8662,29953018.0
MCO,2004,4180635803.89219,32307.0
MDA,2004,5158371415.97847,2896023.0
MDG,2004,8247912168.09114,18606608.0
MDV,2004,2463875271.81491,301413.0
MEA,2004,2331304181927.72,543086512.0
MEX,2004,983527357381.896,104394131.0
MHL,2004,167500000.0,51791.0
MIC,2004,12679235265053.2,4746877931.0
MKD,2004,7003757263.7722,2016186.0
MLI,2004,10488502207.7278,13102409.0
MLT,2004,7113825958.52369,401268.0
MMR,2004,21808380519.0128,47068772.0
MNA,2004,1262825302551.48,505618583.0
MNE,2004,2929005198.73866,613353.0
MNG,2004,4872245746.85238,2508412.0
MNP,2004,1562993939.39394,63938.0
MOZ,2004,7481086789.73586,19840313.0
MRT,2004,3840187785.10236,2868664.0
MUS,2004,7912266088.68308,1221003.0
MWI,2004,5101112194.50269,12500737.0
MYS,2004,177437551536.374,25256772.0
NAC,2004,16250487833700.6,324806660.0
NAM,2004,6958275950.69608,1942082.0
NER,2004,5218763717.35798,13265836.0
NGA,2004,257401275803.762,141057045.0
NIC,2004,8203988039.95305,5272912.0
NLD,2004,678350164553.838,16281779.0
NOR,2004,331035320834.205,4591910.0
NPL,2004,15336036356.9726,26016656.0
NRU,2004,49795903.1503652,10060.0
NZL,2004,140497957984.618,4087500.0
OED,2004,39902903786401.5,1237896576.0
OMN,2004,46977841907.6213,2404821.0
OSS,2004,95047344531.8312,10371059.0
PAK,2004,196464413110.888,171286000.0
PAN,2004,24282115712.163,3251155.0
PER,2004,101398766434.291,27852190.0
PHL,2004,170918125627.487,86394504.0
PLW,2004,269540972.49859,19820.0
PNG,2004,11528725110.7168,6328041.0
POL,2004,317805438387.054,38182222.0
PRE,2004,747953909167.93,632445407.0
PRI,2004,116244440860.349,3826878.0
PRT,2004,200638423891.103,10483861.0
PRY,2004,22368177914.5163,5388175.0
PSE,2004,7853400000.0,3236626.0
PSS,2004,7072538012.204,2145505.0
PST,2004,37930820790838.2,1041890752.0
PYF,2004,5603920611.48168,255654.0
QAT,2004,46392367816.5645,773332.0
ROU,2004,128895841498.556,21451748.0
RUS,2004,987823227180.876,144067316.0
RWA,2004,3692326723.15976,8816844.0
SAS,2004,1176374213852.23,1325950587.0
SAU,2004,423796550560.486,19669480.0
SDN,2004,47451406763.008,30556637.0
SEN,2004,12053525217.1809,10975704.0
SGP,2004,166069208808.394,4166664.0
SLB,2004,790024731.941432,474611.0
SLE,2004,4443958500.36539,5355717.0
SLV,2004,18501810234.6557,6004671.0
SMR,2004,1720089189.58509,29457.0
SOM,2004,2737390479.44358,10280998.0
SRB,2004,33788958112.2477,7463157.0
SSA,2004,983683116714.308,682493463.0
SSF,2004,1004850153092.74,758653144.0
SST,2004,151131293710.147,16597133.0
STP,2004,165126275.794519,157705.0
SUR,2004,3608761755.24276,513923.0
SVK,2004,57581226217.4214,5372280.0
SVN,2004,36795465565.4736,1997012.0
SWE,2004,405740184306.611,8993531.0
SWZ,2004,2706660911.50653,1073159.0
SYC,2004,858736866.549886,82475.0
SYR,2004,25004519710.9876,18336875.0
TCD,2004,8387570299.89304,9920036.0
TEA,2004,5334301470316.48,1859450104.0
TEC,2004,2398006858113.25,438136036.0
TGO,2004,3863870739.47391,5696508.0
THA,2004,277043563911.345,65452047.0
TJK,2004,4012922039.84883,6790547.0
TKM,2004,11722256910.1313,4958093.0
TLA,2004,3620939392105.58,532556401.0
TLS,2004,887702789.12347,929074.0
TMN,2004,1254974442151.71,502381957.0
TON,2004,412725206.987157,105071.0
TSA,2004,1176374213852.23,1325950587.0
TSS,2004,1004850153092.74,758653144.0
TTO,2004,18374195713.2386,1345380.0
TUN,2004,32722064779.1709,10166163.0
TUR,2004,484375146822.671,68592617.0
TUV,2004,29866287.7650137,9816.0
TZA,2004,24081832736.0715,38109668.0
UGA,2004,15894609936.3319,27154515.0
UKR,2004,97995502972.09,47979507.0
UMC,2004,9976998396347.96,2451601935.0
URY,2004,34036089123.994,3283148.0
USA,2004,14961928297813.8,292805298.0
UZB,2004,38174995817.5933,26029350.0
VCT,2004,685128416.494525,112835.0
VEN,2004,94322699665.0565,26340838.0
VIR,2004,4823080309.4984,108466.0
VNM,2004,121387725604.567,80338971.0
VUT,2004,525742663.276152,205711.0
WLD,2004,54465231584489.7,6492769815.0
WSM,2004,658527692.510763,186249.0
YEM,2004,48295394891.1286,22095167.0
ZAF,2004,254135982543.496,48991421.0
ZMB,2004,10153075785.3691,11338198.0
ZWE,2004,14413001709.4786,12365896.0
ABW,2005,2839392433.63397,97635.0
AFE,2005,608662346141.735,463076637.0
AFG,2005,8874480195.58321,24404567.0
AFW,2005,456516971510.488,316588476.0
AGO,2005,54852422288.0144,19291161.0
ALB,2005,8169772250.74253,3011487.0
AND,2005,3137733299.91171,77421.0
ARB,2005,1746274695968.55,322628451.0
ARE,2005,258259409529.61,4664790.0
ARG,2005,435296589745.339,39216789.0
ARM,2005,7048227772.27278,3146400.0
ASM,2005,752116030.534351,56617.0
ATG,2005,1377366902.51519,79611.0
AUS,2005,1028467016034.95,20176844.0
AUT,2005,337250591306.488,8227829.0
AZE,2005,22442902288.4162,8391850.0
BDI,2005,1903493481.08303,7587299.0
BEL,2005,404948883847.345,10478617.0
BEN,2005,7532259620.47862,8426144.0
BFA,2005,6954815456.4763,13932123.0
BGD,2005,106974447115.636,144715786.0
BGR,2005,40066672175.5903,7658972.0
BHR,2005,20833694755.6476,888822.0
BHS,2005,11398293682.8703,343894.0
BIH,2005,13181750134.5787,4096493.0
BLR,2005,37473931242.4089,9663915.0
BLZ,2005,1772690003.49565,279731.0
BMU,2005,7659759815.30576,62711.0
BOL,2005,20183533307.223,9360754.0
BRA,2005,1368459094848.72,184688101.0
BRB,2005,5978715588.63129,268706.0
BRN,2005,13391973527.4748,358916.0
BTN,2005,1080178039.16497,661865.0
BWA,2005,10145481816.2871,1839877.0
CAF,2005,1835473623.16461,4288810.0
CAN,2005,1322152656986.39,32242732.0
CEB,2005,995478183678.513,106041911.0
CHE,2005,567325325069.244,7437115.0
CHL,2005,165194933117.629,16348778.0
CHN,2005,4518455387849.41,1303720000.0
CIV,2005,28732677632.1669,20068458.0
CMR,2005,21594980960.2444,17074594.0
COD,2005,20671920925.7908,58775724.0
COG,2005,7910417276.44806,3696393.0
COL,2005,187780451739.376,42128977.0
COM,2005,755434618.774047,592677.0
CPV,2005,1219660508.68448,485115.0
CRI,2005,36882479548.0029,4261240.0
CSS,2005,51181086197.732,4049468.0
CUB,2005,58366528662.6983,11262554.0
CUW,2005,2906280004.21469,137658.0
CYP,2005,18929789645.9549,1036151.0
CZE,2005,154676655549.654,10211216.0
DEU,2005,2970886268370.04,82469422.0
DMA,2005,507377017.907434,68734.0
DNK,2005,281892753289.031,5419432.0
DOM,2005,41966981958.5524,9225034.0
DZA,2005,139840307556.055,33109249.0
EAP,2005,5877391974569.85,1898853723.0
EAR,2005,6599943116757.16,2738846905.0
EAS,2005,13177845961610.7,2134573057.0
ECA,2005,953415196399.204,223360135.0
ECS,2005,17917958901865.1,875563919.0
ECU,2005,63544590361.2542,13846163.0
EGY,2005,213758163785.626,81101004.0
EMU,2005,10877480916247.2,333897752.0
ERI,2005,2155038051.30131,2661215.0
ESP,2005,1147835587310.16,43653155.0
EST,2005,19920094036.3597,1354775.0
ETH,2005,22791876293.8269,78367470.0
EUU,2005,12347980270825.7,435789139.0
FCS,2005,1030228769622.22,700820603.0
FIN,2005,223113056548.362,5246096.0
FJI,2005,3754920575.17992,882379.0
FRA,2005,2207920477337.34,63180854.0
FSM,2005,314673715.388037,111412.0
GAB,2005,10435048720.8443,1463495.0
GBR,2005,2616614241852.83,60401206.0
GEO,2005,9059975319.60238,3902469.0
GHA,2005,25666707129.5251,22449438.0
GIN,2005,6022369313.03617,9245844.0
GMB,2005,1098037738.85618,1667037.0
GNB,2005,823345295.681209,1381585.0
GNQ,2005,9674942387.18021,947367.0
GRC,2005,240408216059.142,10987314.0
GRD,2005,895749020.659748,109734.0
GRL,2005,2088478601.21324,56935.0
GTM,2005,42990370900.2828,13087629.0
GUM,2005,5345211101.00091,164365.0
GUY,2005,2943164432.84229,760914.0
HIC,2005,42647529103990.1,1289125857.0
HKG,2005,220757155566.696,6813200.0
HND,2005,14776156180.0019,7478355.0
HPC,2005,409450995058.795,555358929.0
HRV,2005,49664897966.6282,4310145.0
HTI,2005,11818917734.006,9061273.0
HUN,2005,113708806061.092,10087065.0
IBD,2005,14517697787922.8,4214082145.0
IBT,2005,15847387115941.8,5492481030.0
IDA,2005,1330893524136.03,1278398885.0
IDB,2005,671428918585.404,447132945.0
IDN,2005,497631790442.44,230871650.0
IDX,2005,659123275150.178,831265940.0
IMN,2005,4627958352.74886,79516.0
IND,2005,1094324353140.52,1154676322.0
IRL,2005,210272056411.317,4159914.0
IRN,2005,334028060139.024,71828455.0
IRQ,2005,94053181141.5504,28407448.0
ISL,2005,15036829612.9301,296734.0
ISR,2005,205295323130.844,6930100.0
ITA,2005,1943213635518.5,58166682.0
JAM,2005,14848016734.9532,2687066.0
JOR,2005,25032512558.6082,6029587.0
JPN,2005,4229100705435.58,127773000.0
KAZ,2005,108382181835.458,15968117.0
KEN,2005,43795114731.9782,35796484.0
KGZ,2005,4237027793.42929,5162640.0
KHM,2005,11642922159.7044,13439202.0
KIR,2005,134209636.678734,98035.0
KNA,2005,743018278.372433,46437.0
KOR,2005,1066023726231.41,48184561.0
KWT,2005,90480882139.5699,2236788.0
LAC,2005,3431738711162.27,494006571.0
LAO,2005,6742212710.02267,5869523.0
LBN,2005,31329923063.1007,4671102.0
LBR,2005,1781443510.53791,3301015.0
LBY,2005,73990151521.3885,5858798.0
LCA,2005,1576338887.67283,165450.0
LCN,2005,3975105662293.18,555120780.0
LDC,2005,572274203948.473,760741611.0
LIC,2005,285653786070.902,371788197.0
LKA,2005,45864985657.2719,20216524.0
LMC,2005,2883389967786.7,2336911352.0
LMY,2005,13895961201476.9,5181562375.0
LSO,2005,1667849758.72804,1953076.0
LTE,2005,9850743881748.17,2112603351.0
LTU,2005,32204827116.6036,3322528.0
LUX,2005,47084243707.173,465158.0
LVA,2005,22625890637.9303,2238799.0
MAC,2005,23424490230.0367,473500.0
MAR,2005,71896757928.9618,30358144.0
MCO,2005,4259876164.74801,32210.0
MDA,2005,5545249279.88205,2888985.0
MDG,2005,8640170094.37648,19159707.0
MDV,2005,2188480301.91021,306429.0
MEA,2005,2454593088124.39,556210211.0
MEX,2005,1004311720993.85,105811504.0
MHL,2005,170500000.0,51906.0
MIC,2005,13616721946631.6,4809774178.0
MKD,2005,7334620965.18469,2005330.0
MLI,2005,10754740076.8688,13538647.0
MLT,2005,7318792018.88191,403834.0
MMR,2005,24767548772.168,47438365.0
MNA,2005,1325345573773.55,517240777.0
MNE,2005,3051455322.14172,614261.0
MNG,2005,5225662152.64429,2536407.0
MNP,2005,1364448484.84848,62354.0
MOZ,2005,7953294766.92377,20304569.0
MRT,2005,4169149304.40539,2939059.0
MUS,2005,8052910022.29355,1228254.0
MWI,2005,5267853576.27553,12840031.0
MYS,2005,186898768708.901,25836071.0
NAC,2005,16812946958191.9,327822042.0
NAM,2005,7134269025.97086,1966582.0
NER,2005,5601396628.31908,13756192.0
NGA,2005,273974099482.935,145017253.0
NIC,2005,8555315487.40164,5342105.0
NLD,2005,692147558366.871,16319868.0
NOR,2005,339924026052.237,4623291.0
NPL,2005,15869604827.464,26309458.0
NRU,2005,49795903.1503652,10049.0
NZL,2005,145208752801.012,4133900.0
OED,2005,41038049322319.7,1246656490.0
OMN,2005,48283564529.379,2459802.0
OSS,2005,99423469176.8313,10479844.0
PAK,2005,210760292372.08,175453212.0
PAN,2005,26291748099.167,3313026.0
PER,2005,107771740073.589,28101180.0
PHL,2005,179365762735.543,88015962.0
PLW,2005,277316763.958537,19819.0
PNG,2005,12260199191.5266,6535905.0
POL,2005,328168510412.522,38165445.0
PRE,2005,792605899132.053,651320620.0
PRI,2005,113934735057.689,3821362.0
PRT,2005,202207110531.023,10503330.0
PRY,2005,22845400902.1627,5448097.0
PSE,2005,8740100000.0,3320396.0
PSS,2005,7244166051.08472,2170029.0
PST,2005,38989654212707.8,1047140108.0
PYF,2005,5621291279.00346,259507.0
QAT,2005,49868435891.5076,825408.0
ROU,2005,134912890211.095,21319685.0
RUS,2005,1051043572407.72,143518814.0
RWA,2005,4038589400.18749,9054528.0
SAS,2005,1266302049081.97,1346886384.0
SAU,2005,448990815757.244,20559890.0
SDN,2005,50129334265.0222,31262444.0
SEN,2005,12573060904.8807,11235472.0
SGP,2005,178302402123.907,4265762.0
SLB,2005,848163277.481457,483080.0
SLE,2005,4637426225.10187,5501712.0
SLV,2005,18997812331.293,6005578.0
SMR,2005,1761803192.7562,29836.0
SOM,2005,2932027546.4602,10644228.0
SRB,2005,35783687980.3426,7440769.0
SSA,2005,1041567271940.92,701214785.0
SSF,2005,1065236363481.14,779665113.0
SST,2005,157830216614.424,16699341.0
STP,2005,176048759.302531,161639.0
SUR,2005,3771156041.83844,519313.0
SVK,2005,61315329710.646,5372807.0
SVN,2005,38213609800.3921,2000474.0
SWE,2005,417073066879.505,9029572.0
SWZ,2005,2868851690.22305,1079022.0
SYC,2005,936072662.702788,82858.0
SYR,2005,26558570073.3917,18814091.0
TCD,2005,9841348751.69791,10328092.0
TEA,2005,5870342922482.62,1874487158.0
TEC,2005,2557218185543.42,438333196.0
TGO,2005,3683570962.95413,5844631.0
THA,2005,288645146658.334,66017420.0
TJK,2005,4281787756.98917,6924720.0
TKM,2005,13250139963.3514,5052257.0
TLA,2005,3772928707436.68,539188798.0
TLS,2005,914197082.346886,948311.0
TMN,2005,1316607523362.21,513920381.0
TON,2005,410010916.759904,105671.0
TSA,2005,1266302049081.97,1346886384.0
TSS,2005,1065236363481.14,779665113.0
TTO,2005,19515038110.939,1294494.0
TUN,2005,33862934470.3211,10255472.0
TUR,2005,528509363515.706,69329557.0
TUV,2005,28477158.1015247,9940.0
TZA,2005,25882267435.0187,39182076.0
UGA,2005,16901146460.5212,27963289.0
UKR,2005,101005170642.605,47585556.0
UMC,2005,10733366125251.6,2472862826.0
URY,2005,36575226344.6127,3285771.0
USA,2005,15483134541390.2,295516599.0
UZB,2005,40828160773.8708,26356975.0
VCT,2005,702178229.987386,112450.0
VEN,2005,104054834514.4,26785804.0
VIR,2005,4991179562.4333,108453.0
VNM,2005,130549157968.493,81088313.0
VUT,2005,553635027.968653,210760.0
WLD,2005,56673544164731.9,6575841506.0
WSM,2005,702248686.864592,186978.0
YEM,2005,50995951705.5725,22790085.0
ZAF,2005,267546870424.295,49490033.0
ZMB,2005,10887711636.03,11718819.0
ZWE,2005,13589857106.157,12483432.0
ABW,2006,2871404069.44201,99405.0
AFE,2006,649062293464.719,475606210.0
AFG,2006,9349921885.77888,25424094.0
AFW,2006,480653804630.281,325663158.0
AGO,2006,61347946235.7733,20015279.0
ALB,2006,8661509309.89701,2992547.0
AND,2006,3288617126.51463,79585.0
ARB,2006,1855876088278.49,330526310.0
ARE,2006,283665213479.189,5009100.0
ARG,2006,470325565798.353,39622115.0
ARM,2006,7978593838.17516,3127100.0
ASM,2006,721291603.053435,56374.0
ATG,2006,1552404719.92894,80604.0
AUS,2006,1056965077770.63,20450966.0
AUT,2006,348276446349.075,8268641.0
AZE,2006,30178120036.5547,8484550.0
BDI,2006,2006544947.16489,7865547.0
BEL,2006,415284559725.448,10547958.0
BEN,2006,7829312267.7691,8693242.0
BFA,2006,7389711520.7284,14373707.0
BGD,2006,114111680586.242,146405973.0
BGR,2006,42792243384.3764,7601022.0
BHR,2006,22181009695.3903,960424.0
BHS,2006,11685142254.5787,348375.0
BIH,2006,13895410481.7996,4063272.0
BLR,2006,41221322391.8597,9604924.0
BLZ,2006,1852664108.23636,287878.0
BMU,2006,8084406664.52899,62834.0
BOL,2006,21151739180.8767,9521689.0
BRA,2006,1422677289673.84,186653106.0
BRB,2006,6341656281.60634,270002.0
BRN,2006,13940831854.3091,364663.0
BTN,2006,1141108777.66963,670799.0
BWA,2006,10994036837.1472,1874516.0
CAF,2006,1923045637.77901,4377579.0
CAN,2006,1357030300367.79,32571193.0
CEB,2006,1061583262818.71,105772481.0
CHE,2006,590436050732.85,7483934.0
CHL,2006,175189211415.667,16509195.0
CHN,2006,5091154930758.42,1311020000.0
CIV,2006,29541668752.6369,20546802.0
CMR,2006,22417659743.2882,17550407.0
COD,2006,21728037858.2133,60615908.0
COG,2006,8542162055.68026,3837409.0
COL,2006,200393418124.055,42691084.0
COM,2006,742180920.320468,604753.0
CPV,2006,1317035160.01005,490728.0
CRI,2006,39584746492.4417,4321340.0
CSS,2006,55189638919.2418,4072929.0
CUB,2006,65408954114.9466,11278550.0
CUW,2006,2953824846.98841,141239.0
CYM,2006,4633485696.50699,48232.0
CYP,2006,19822098963.1388,1054418.0
CZE,2006,164921158024.599,10238905.0
DEU,2006,3085761005285.65,82376451.0
DMA,2006,529705537.84296,68806.0
DNK,2006,292651155542.909,5437272.0
DOM,2006,45815860539.7981,9341183.0
DZA,2006,143895676473.864,33623506.0
EAP,2006,6528037446612.13,1914002124.0
EAR,2006,7005264361554.41,2784726644.0
EAS,2006,14031761326159.7,2150688938.0
ECA,2006,1032028027284.14,224417513.0
ECS,2006,18614209611757.8,878166933.0
ECU,2006,66303144898.6572,14086131.0
EGY,2006,228387426641.133,82700403.0
EMU,2006,11239110531688.9,335499702.0
ERI,2006,2134151053.76576,2703502.0
ESP,2006,1194247574981.13,44397319.0
EST,2006,21864807422.0901,1346810.0
ETH,2006,25261313883.9249,80703490.0
EUU,2006,12788499501424.8,437263803.0
FCS,2006,1093928820282.75,717975893.0
FIN,2006,232081249320.459,5266268.0
FJI,2006,3824479873.24135,890365.0
FRA,2006,2267844862926.15,63622342.0
FSM,2006,314047582.860661,110729.0
GAB,2006,10142180902.0393,1508337.0
GBR,2006,2673913418491.85,60846820.0
GEO,2006,9913559155.90151,3880347.0
GHA,2006,27309353954.6989,23040702.0
GIN,2006,6094011545.87354,9441171.0
GMB,2006,1091937250.0561,1715275.0
GNB,2006,845299838.603667,1415303.0
GNQ,2006,10420388726.5973,990343.0
GRC,2006,255898673342.699,11020362.0
GRD,2006,859960907.039514,110135.0
GRL,2006,2204508100.36514,56775.0
GTM,2006,45290956657.3132,13367459.0
GUM,2006,5149976342.12921,164839.0
GUY,2006,3094137270.70843,758966.0
HIC,2006,44029777090960.9,1296891494.0
HKG,2006,236282293795.638,6857100.0
HND,2006,15746542343.9334,7656832.0
HPC,2006,432889234771.361,571454590.0
HRV,2006,52182450238.361,4311159.0
HTI,2006,12027964912.6803,9216562.0
HUN,2006,118182032745.55,10071370.0
IBD,2006,15727114925252.3,4258827055.0
IBT,2006,17137594442084.1,5568236362.0
IDA,2006,1411311534239.19,1309409307.0
IDB,2006,709871961080.91,458394453.0
IDN,2006,525006275302.523,233951652.0
IDX,2006,701151286687.017,851014854.0
IMN,2006,4984311086.32714,80294.0
IND,2006,1182534912713.8,1172878890.0
IRL,2006,220760118842.237,4273591.0
IRN,2006,350728779262.979,73392747.0
IRQ,2006,99356180856.4776,28616515.0
ISL,2006,15889660318.5451,303782.0
ISR,2006,216795201343.264,7053700.0
ITA,2006,1978181374737.88,58399861.0
JAM,2006,15278479351.3183,2700968.0
JOR,2006,27058387611.4685,6427371.0
JPN,2006,4287138774362.24,127854000.0
KAZ,2006,119979075291.852,16103716.0
KEN,2006,46629751036.7518,36904008.0
KGZ,2006,4368498475.52979,5218373.0
KHM,2006,12917049054.0975,13639028.0
KIR,2006,141962839.480154,100017.0
KNA,2006,766426186.524481,46569.0
KOR,2006,1121936729365.41,48438292.0
KWT,2006,97280315040.9735,2364733.0
LAC,2006,3611207959016.24,499910627.0
LAO,2006,7323341971.83126,5963200.0
LBN,2006,31815384920.7126,4751136.0
LBR,2006,1924741222.72585,3490787.0
LBY,2006,78799900129.0316,5980211.0
LCA,2006,1673997137.54872,166639.0
LCN,2006,4184267349636.13,561751999.0
LDC,2006,611528907613.272,779230030.0
LIC,2006,300706153917.323,383041001.0
LKA,2006,49382046637.8596,20352411.0
LMC,2006,3084673550583.06,2378783316.0
LMY,2006,15038348692199.7,5255157355.0
LSO,2006,1738401391.78308,1945063.0
LTE,2006,10766022171555.2,2126122277.0
LTU,2006,34586529059.4547,3269909.0
LUX,2006,49917168649.961,472637.0
LVA,2006,25527665150.2661,2218357.0
MAC,2006,26561538062.4813,498900.0
MAR,2006,77498104932.5221,30771178.0
MCO,2006,4507700786.40776,32057.0
MDA,2006,5811421236.26146,2880967.0
MDG,2006,9106610406.88934,19730909.0
MDV,2006,2705624149.59562,313851.0
MEA,2006,2601577808790.96,569898499.0
MEX,2006,1052569035045.56,107253666.0
MHL,2006,170800000.0,51992.0
MIC,2006,14743653830044.3,4872116354.0
MKD,2006,7711402289.66945,1994287.0
MLI,2006,11151547252.0345,13990139.0
MLT,2006,7489772865.91576,405308.0
MMR,2006,28006178558.7687,47785135.0
MNA,2006,1396919644496.19,529158464.0
MNE,2006,3312855741.02414,615025.0
MNG,2006,5672782077.14901,2567168.0
MNP,2006,1270690909.09091,60682.0
MOZ,2006,8741520167.29262,20787087.0
MRT,2006,4933487730.19964,3013660.0
MUS,2006,8444727951.65064,1233996.0
MWI,2006,5515442681.93082,13198701.0
MYS,2006,197336779111.682,26417909.0
NAC,2006,17279383266701.2,331013939.0
NAM,2006,7638888381.86825,1991888.0
NER,2006,5933618261.55882,14268581.0
NGA,2006,290575362867.503,149077334.0
NIC,2006,8910613085.37027,5418855.0
NLD,2006,716631413729.704,16346101.0
NOR,2006,348291164569.533,4660677.0
NPL,2006,16403555897.1058,26565425.0
NRU,2006,54004007.6419454,10034.0
NZL,2006,149245237527.889,4184600.0
OED,2006,42285977159393.3,1255746646.0
OMN,2006,50538317581.1033,2514795.0
OSS,2006,105588022566.113,10601352.0
PAK,2006,223514741630.685,179682690.0
PAN,2006,28883388478.0758,3375024.0
PER,2006,115885765581.756,28324491.0
PHL,2006,188901594317.393,89508986.0
PLW,2006,277949312.163653,19593.0
PNG,2006,12923469113.2424,6747720.0
POL,2006,348521872927.444,38141267.0
PRE,2006,841879087452.145,670229212.0
PRI,2006,112328922886.154,3805214.0
PRT,2006,205493047516.038,10522288.0
PRY,2006,23943606096.6681,5505148.0
PSE,2006,8653000000.0,3406334.0
PSS,2006,7414391863.76514,2194265.0
PST,2006,40132973274889.3,1052866351.0
PYF,2006,5671297393.42537,263223.0
QAT,2006,62919128076.2528,972831.0
ROU,2006,145744791283.304,21193760.0
RUS,2006,1137229862730.35,143049637.0
RWA,2006,4411233104.10076,9299246.0
SAS,2006,1366278928762.27,1367187349.0
SAU,2006,463868057904.565,21459144.0
SDN,2006,53403487491.79,31992435.0
SEN,2006,12866110160.1646,11500094.0
SGP,2006,194361682395.941,4401365.0
SLB,2006,883254017.822883,491594.0
SLE,2006,4836052320.36646,5624466.0
SLV,2006,19821747186.6752,6002319.0
SMR,2006,1829281727.29769,30184.0
SOM,2006,3122209723.10745,10975502.0
SRB,2006,37179490290.6082,7411569.0
SSA,2006,1103434947962.96,720481278.0
SSF,2006,1129676696845.22,801269368.0
SST,2006,168178826697.928,16868546.0
STP,2006,191657434.828232,165638.0
SUR,2006,3989639610.76687,524997.0
SVK,2006,66788144152.8851,5373054.0
SVN,2006,40471568430.3753,2006868.0
SWE,2006,436575715827.722,9080505.0
SWZ,2006,3061891254.30998,1084436.0
SYC,2006,1024120860.74662,84600.0
SYR,2006,27898767456.1339,19637022.0
TCD,2006,9787927000.51755,10706424.0
TEA,2006,6520176670922.7,1889507244.0
TEC,2006,2758427037043.88,438714358.0
TGO,2006,3781190459.44883,6010668.0
THA,2006,302984491694.587,66567687.0
TJK,2006,4581513037.47047,7057566.0
TKM,2006,14704118675.0772,5147105.0
TLA,2006,3975705144748.89,545805913.0
TLS,2006,876567882.12394,976597.0
TMN,2006,1388269496211.1,525752130.0
TON,2006,401131460.289732,106253.0
TSA,2006,1366278928762.27,1367187349.0
TSS,2006,1129676696845.22,801269368.0
TTO,2006,22092595781.4538,1297944.0
TUN,2006,35638740560.1483,10346410.0
TUR,2006,565862429106.909,70045349.0
TUV,2006,29171722.9332692,10056.0
TZA,2006,27572954444.2321,40294902.0
UGA,2006,18723891904.5488,28794003.0
UKR,2006,108652697104.575,47278694.0
UMC,2006,11659012550218.4,2493333038.0
URY,2006,38074290288.9132,3289506.0
USA,2006,15914268559668.9,298379912.0
UZB,2006,43870437889.2749,26699043.0
VCT,2006,751309123.00666,112014.0
VEN,2006,114327282932.275,27224686.0
VIR,2006,5166120064.03415,108369.0
VNM,2006,139658819217.11,82167897.0
VUT,2006,600476412.784404,215923.0
WLD,2006,59210348113404.5,6659977025.0
WSM,2006,717221521.755092,187709.0
YEM,2006,52612732131.2711,23543083.0
ZAF,2006,282539679229.874,49998277.0
ZMB,2006,11748243095.7729,12129553.0
ZWE,2006,13119457397.7207,12636445.0
ABW,2007,2960117372.63583,100150.0
AFE,2007,692549683213.31,488580707.0
AFG,2007,10642671963.1135,25909852.0
AFW,2007,506837566927.576,334984176.0
AGO,2007,69324828859.446,20778561.0
ALB,2007,9224515436.60112,2970017.0
AND,2007,3339695537.72761,81877.0
ARB,2007,1941268003780.27,338947976.0
ARE,2007,292698220662.137,5624635.0
ARG,2007,512690850741.56,40016763.0
ARM,2007,9071661194.12856,3107400.0
ASM,2007,734648854.961832,56113.0
ATG,2007,1697014056.19323,81704.0
AUS,2007,1097018464974.4,20827622.0
AUT,2007,361424664731.668,8295487.0
AZE,2007,37862439845.1581,8581300.0
BDI,2007,2075660260.38688,8161874.0
BEL,2007,430554259966.472,10625700.0
BEN,2007,8298002249.61043,8953969.0
BFA,2007,7693530569.65392,14816307.0
BGD,2007,122166366935.51,147989278.0
BGR,2007,45639805260.6518,7545338.0
BHR,2007,24020694053.4652,1039295.0
BHS,2007,11854121086.481,353334.0
BIH,2007,14709558824.8469,4013424.0
BLR,2007,44766358837.3896,9560953.0
BLZ,2007,1914531924.99014,296100.0
BMU,2007,8354841362.08309,63010.0
BOL,2007,22117185836.643,9685960.0
BRA,2007,1509031960316.93,188552320.0
BRB,2007,6473510975.63435,271288.0
BRN,2007,13416151463.6479,370873.0
BTN,2007,1324881877.57243,678641.0
BWA,2007,11630872553.1126,1911201.0
CAF,2007,2011650635.80801,4462770.0
CAN,2007,1384848127424.16,32888886.0
CEB,2007,1128875563363.61,105378748.0
CHE,2007,613559745174.533,7551117.0
CHL,2007,184243394522.927,16671581.0
CHN,2007,5811552614974.09,1317885000.0
CIV,2007,29867049486.2231,21030558.0
CMR,2007,23387803922.5771,18049896.0
COD,2007,23581424221.9288,62477752.0
COG,2007,7977183901.13328,3980430.0
COL,2007,213896316785.023,43235374.0
COM,2007,748145084.624578,616927.0
CPV,2007,1516838454.63714,496190.0
CRI,2007,42836685662.1245,4380248.0
CSS,2007,57312641754.363,4098855.0
CUB,2007,70159041951.1157,11287272.0
CUW,2007,3026783234.53941,144056.0
CYM,2007,4780025489.19621,49687.0
CYP,2007,20832674395.6686,1072714.0
CZE,2007,173973393346.007,10298828.0
DEU,2007,3174912263837.68,82266372.0
DMA,2007,558086829.799671,68847.0
DNK,2007,295540131122.49,5461438.0
DOM,2007,49214666985.2049,9455658.0
DZA,2007,148356442446.405,34189416.0
EAP,2007,7340893448816.72,1929185103.0
EAR,2007,7409245216495.05,2830531957.0
EAS,2007,15081906435413.1,2167046538.0
ECA,2007,1106116568982.33,225016072.0
ECS,2007,19301210281097.9,880656346.0
ECU,2007,67564514887.9228,14328773.0
EGY,2007,244575133305.99,84276225.0
EMU,2007,11577539085846.8,337282985.0
ERI,2007,2164601595.02151,2743222.0
ESP,2007,1236446314615.43,45226803.0
EST,2007,23520174236.2883,1340680.0
ETH,2007,28155292189.364,83103217.0
EUU,2007,13190293140115.9,438796003.0
FCS,2007,1162860231135.7,735110300.0
FIN,2007,244411266035.096,5288720.0
FJI,2007,3791946770.36279,897832.0
FRA,2007,2325232266328.63,64016890.0
FSM,2007,308634425.437735,109880.0
GAB,2007,10751534086.7123,1556237.0
GBR,2007,2752283449984.53,61322463.0
GEO,2007,11160245709.6589,3860158.0
GHA,2007,28496442169.6902,23642279.0
GIN,2007,6509469022.49636,9662281.0
GMB,2007,1125167625.04935,1765774.0
GNB,2007,866938047.629768,1450986.0
GNQ,2007,12012844402.6491,1036044.0
GRC,2007,264872706550.759,11048473.0
GRD,2007,912620191.349021,110522.0
GRL,2007,2256367786.21633,56555.0
GTM,2007,48161370082.337,13652040.0
GUM,2007,5186912647.86169,165267.0
GUY,2007,3316643991.45274,756861.0
HIC,2007,45301626116961.2,1305578110.0
HKG,2007,251557491446.259,6916300.0
HND,2007,16720989901.6315,7834798.0
HPC,2007,456602087729.976,587432384.0
HRV,2007,54817286358.3919,4310217.0
HTI,2007,12594064682.4783,9373296.0
HUN,2007,118574815857.973,10055780.0
IBD,2007,17135811332167.6,4302067550.0
IBT,2007,18630591437412.5,5643505923.0
IDA,2007,1495024148871.06,1341438373.0
IDB,2007,748360136987.364,470476526.0
IDN,2007,558318040161.892,237062337.0
IDX,2007,746483917005.631,870961847.0
IMN,2007,5358134429.26002,81147.0
IND,2007,1273126725479.64,1190676021.0
IRL,2007,232482742331.818,4398942.0
IRN,2007,379333424181.702,74602648.0
IRQ,2007,101232561440.969,28391607.0
ISL,2007,17278627869.9264,311566.0
ISR,2007,230503919634.261,7180100.0
ITA,2007,2007108163772.48,58756247.0
JAM,2007,15497260153.2881,2713800.0
JOR,2007,29270727368.8656,6827227.0
JPN,2007,4350758602405.54,128001000.0
KAZ,2007,130657212992.82,16257214.0
KEN,2007,49824229272.6978,38036349.0
KGZ,2007,4741693829.84541,5268385.0
KHM,2007,14260222987.8994,13841770.0
KIR,2007,146299917.53486,102068.0
KNA,2007,771029360.031988,46706.0
KOR,2007,1187479862374.9,48683638.0
KWT,2007,103108938573.596,2507887.0
LAC,2007,3802695631886.65,505793340.0
LAO,2007,7879683723.91001,6056236.0
LBN,2007,34777595316.005,4844118.0
LBR,2007,2108270598.33452,3669050.0
LBY,2007,83709120342.1548,6104380.0
LCA,2007,1702314784.0614,167758.0
LCN,2007,4405476467591.08,568345245.0
LDC,2007,655898867357.044,797516000.0
LIC,2007,317628084115.655,394448347.0
LKA,2007,52738458481.8031,20492545.0
LMC,2007,3297112737837.47,2421545203.0
LMY,2007,16367924402508.8,5328158709.0
LSO,2007,1811204148.77671,1953268.0
LTE,2007,11864788345809.7,2139958608.0
LTU,2007,38417999935.5475,3231294.0
LUX,2007,53959794029.7992,479993.0
LVA,2007,28186253353.8682,2200325.0
MAC,2007,30408119660.3025,520900.0
MAR,2007,80164867241.3167,31186468.0
MCO,2007,5158500738.24534,31837.0
MDA,2007,5985763886.4747,2874299.0
MDG,2007,9626649240.51396,20318583.0
MDV,2007,2898626608.24578,324479.0
MEA,2007,2737718670253.1,583743828.0
MEX,2007,1074439987409.3,108774360.0
MHL,2007,177100000.0,52035.0
MIC,2007,16055772418519.1,4933710362.0
MKD,2007,8210598903.42197,1982933.0
MLI,2007,11347819622.1797,14457775.0
MLT,2007,7866987912.46552,406724.0
MMR,2007,31364521323.9023,48125043.0
MNA,2007,1478185398497.24,540838105.0
MNE,2007,3549312481.42045,615875.0
MNG,2007,6254129712.42599,2601850.0
MNP,2007,1185757575.75758,58941.0
MOZ,2007,9410189984.44687,21287635.0
MRT,2007,4836326500.47834,3093059.0
MUS,2007,8928358886.09423,1239630.0
MWI,2007,6044925172.60306,13576343.0
MYS,2007,209766600383.972,26998389.0
NAC,2007,17626370919530.1,334183103.0
NAM,2007,8049405616.20712,2018600.0
NER,2007,6120095511.70958,14803610.0
NGA,2007,309727563830.139,153267261.0
NIC,2007,9362947172.55444,5497243.0
NLD,2007,744474740255.869,16381696.0
NOR,2007,358440508444.307,4709153.0
NPL,2007,16963173094.5667,26788492.0
NRU,2007,42081044.9158016,10020.0
NZL,2007,153806793428.762,4223800.0
OED,2007,43394178863364.1,1264728255.0
OMN,2007,53055456656.1063,2570174.0
OSS,2007,111353812972.026,10730365.0
PAK,2007,233449556918.441,184493231.0
PAN,2007,32682439429.3783,3437490.0
PER,2007,125757364463.195,28530699.0
PHL,2007,201216639993.9,91075184.0
PLW,2007,281625452.205012,19302.0
PNG,2007,13933462679.345,6963345.0
POL,2007,372083512402.176,38120560.0
PRE,2007,892953955029.586,688722596.0
PRI,2007,111022754694.512,3782995.0
PRT,2007,210643893867.297,10542964.0
PRY,2007,25241738121.2303,5559386.0
PSE,2007,8980800000.0,3494496.0
PSS,2007,7423860541.34983,2218230.0
PST,2007,41163496481987.7,1059147302.0
PYF,2007,5767991632.3435,266438.0
QAT,2007,74235546523.6837,1208595.0
ROU,2007,156287689281.09,20882982.0
RUS,2007,1233894148246.74,142805114.0
RWA,2007,4747955680.84802,9549933.0
SAS,2007,1469218232477.34,1386949456.0
SAU,2007,474136491554.825,22368313.0
SDN,2007,56466323951.3765,32764135.0
SEN,2007,13229850430.9674,11770344.0
SGP,2007,211896059498.482,4588599.0
SLB,2007,915402123.41043,500156.0
SLE,2007,5017392581.4315,5749352.0
SLV,2007,20187974224.9399,6009824.0
SMR,2007,1959331266.59585,31211.0
SOM,2007,3331221429.82663,11322582.0
SRB,2007,40091414081.4273,7381579.0
SSA,2007,1170000577159.47,740376633.0
SSF,2007,1199247321252.23,823564883.0
SST,2007,176061509493.281,17047450.0
STP,2007,198636586.369116,169700.0
SUR,2007,4193569551.84687,531016.0
SVK,2007,74013706023.7143,5374622.0
SVN,2007,43360927307.906,2018122.0
SWE,2007,450654706998.622,9148092.0
SWZ,2007,3194095189.73391,1090705.0
SYC,2007,1115022508.93326,85033.0
SYR,2007,29481908620.0444,20884125.0
TCA,2007,984236608.008882,26270.0
TCD,2007,10199036983.3526,11081660.0
TEA,2007,7332004286790.38,1904568042.0
TEC,2007,2968779819474.78,438680283.0
TGO,2007,3736756295.1134,6188344.0
THA,2007,319452158416.903,67102394.0
TJK,2007,4938871059.83241,7194477.0
TKM,2007,16330291193.8443,5244046.0
TLA,2007,4192600167906.53,552399650.0
TLS,2007,966550892.42635,1004889.0
TMN,2007,1469207833260.16,537343609.0
TON,2007,391246346.461651,106726.0
TSA,2007,1469218232477.34,1386949456.0
TSS,2007,1199247321252.23,823564883.0
TTO,2007,23142924113.2823,1303188.0
TUN,2007,38029929333.0918,10441702.0
TUR,2007,594767729617.936,70158112.0
TUV,2007,31255417.4285027,10182.0
TZA,2007,29439239572.2798,41435512.0
UGA,2007,20299025448.8812,29653430.0
UKR,2007,117579433691.217,47062798.0
UMC,2007,12758687008020.2,2512165159.0
URY,2007,40564924117.3376,3295153.0
USA,2007,16233167950743.9,301231207.0
UZB,2007,48026286798.048,27076008.0
VCT,2007,776274889.240281,111531.0
VEN,2007,124335011742.635,27649363.0
VIR,2007,5373312166.48879,108337.0
VNM,2007,149615800998.365,83633375.0
VUT,2007,617745467.629451,221276.0
WLD,2007,61823800945165.4,6744489399.0
WSM,2007,720707093.19579,188753.0
YEM,2007,54369170289.1837,24318082.0
ZAF,2007,297685145427.081,50528584.0
ZMB,2007,12729507610.1931,12565085.0
ZWE,2007,12640170700.3122,12804058.0
ABW,2008,3014457880.39871,100917.0
AFE,2008,723281777591.992,502070763.0
AFG,2008,11060395115.6809,26482622.0
AFW,2008,538316294768.487,344586109.0
AGO,2008,76802645840.5628,21578655.0
ALB,2008,9861658465.33864,2947314.0
AND,2008,3154035638.64466,83495.0
ARB,2008,2049419151996.29,347684619.0
ARE,2008,302040668640.587,6302664.0
ARG,2008,533491913656.279,40424148.0
ARM,2008,9697605816.5624,3087100.0
ASM,2008,715126717.557252,55828.0
ATG,2008,1696776362.25323,82912.0
AUS,2008,1136774249983.46,21249199.0
AUT,2008,366677269701.416,8321496.0
AZE,2008,41872616483.1256,8763400.0
BDI,2008,2177549065.459,8505637.0
BEL,2008,432478429044.827,10709973.0
BEN,2008,8704320326.21926,9228466.0
BFA,2008,8139754707.2893,15258093.0
BGD,2008,129513195397.247,149474264.0
BGR,2008,48437323784.9572,7492561.0
BHR,2008,25520789027.3601,1103496.0
BHS,2008,11578673030.5899,358120.0
BIH,2008,15510030554.8428,3947544.0
BLR,2008,49332527208.7462,9527985.0
BLZ,2008,1883373343.61685,304361.0
BMU,2008,8198943712.90485,63300.0
BOL,2008,23477060537.7352,9850858.0
BRA,2008,1585904997750.07,190367302.0
BRB,2008,6514518116.50992,272714.0
BRN,2008,12892826165.4277,377793.0
BTN,2008,1384891723.57233,686351.0
BWA,2008,12009117014.1882,1949970.0
CAF,2008,2052972574.3655,4558984.0
CAN,2008,1398632992945.77,33247298.0
CEB,2008,1173604781530.76,105001883.0
CHE,2008,630788402145.885,7647675.0
CHL,2008,191225100461.158,16838988.0
CHN,2008,6373544042638.01,1324655000.0
CIV,2008,31295490700.8623,21514439.0
CMR,2008,24053813243.6522,18574056.0
COD,2008,25326856010.815,64390664.0
COG,2008,8480255108.6285,4113517.0
COL,2008,220919487240.849,43758808.0
COM,2008,777806128.357449,629307.0
CPV,2008,1623608884.79583,501355.0
CRI,2008,44866362740.5382,4440056.0
CSS,2008,58286765266.899,4124966.0
CUB,2008,73047369063.91,11291762.0
CUW,2008,3093010555.65515,145880.0
CYM,2008,4762941612.47161,51151.0
CYP,2008,21592439785.3329,1091026.0
CZE,2008,178518044754.249,10384603.0
DEU,2008,3203102383827.36,82110097.0
DMA,2008,597829935.171901,68854.0
DNK,2008,294307201413.926,5493621.0
DOM,2008,50823044977.7376,9573130.0
DZA,2008,152065353506.518,34816961.0
EAP,2008,7975794666736.32,1944305887.0
EAR,2008,7667585684299.49,2875943965.0
EAS,2008,15750510901588.0,2183472438.0
ECA,2008,1140341925834.61,226524480.0
ECS,2008,19499003742611.6,884224673.0
ECU,2008,72000071699.6601,14575202.0
EGY,2008,262077623377.432,85864789.0
EMU,2008,11625068501355.4,338978475.0
ERI,2008,1952837971.21425,2816327.0
ESP,2008,1245931907237.16,45954106.0
EST,2008,22314692031.2014,1337090.0
ETH,2008,31192831993.2611,85543668.0
EUU,2008,13271807422071.9,440270719.0
FCS,2008,1221794903383.8,753058095.0
FIN,2008,246328504349.487,5313399.0
FJI,2008,3831109777.44242,903399.0
FRA,2008,2334072135222.36,64375116.0
FRO,2008,2166314314.46368,48547.0
FSM,2008,300660891.653569,108936.0
GAB,2008,10395827037.7727,1607175.0
GBR,2008,2750923500693.34,61806995.0
GEO,2008,11430503827.9115,3848449.0
GHA,2008,31103809332.791,24249946.0
GIN,2008,6778506429.10409,9898870.0
GMB,2008,1195557048.77095,1817852.0
GNB,2008,906163311.064931,1488054.0
GNQ,2008,14151023687.8999,1084530.0
GRC,2008,265024939553.215,11077841.0
GRD,2008,921267656.665568,110896.0
GRL,2008,2395498418.1565,56328.0
GTM,2008,49747576364.8647,13935174.0
GUM,2008,5292444949.95451,165693.0
GUY,2008,3374858506.06674,754606.0
HIC,2008,45613841648602.9,1314671040.0
HKG,2008,256910422168.323,6957800.0
HND,2008,17428555328.7177,8012587.0
HPC,2008,482266795077.352,604007702.0
HRV,2008,55898760192.6292,4309705.0
HTI,2008,12928818990.6636,9530774.0
HUN,2008,119752782052.746,10038188.0
IBD,2008,18153523135867.7,4346234014.0
IBT,2008,19723773684168.4,5720065907.0
IDA,2008,1570299389421.72,1373831893.0
IDB,2008,779617126605.134,482975881.0
IDN,2008,591893632243.067,240157903.0
IDX,2008,790715526865.702,890856012.0
IMN,2008,5620683069.9188,82029.0
IND,2008,1312424303406.43,1207930964.0
IRL,2008,222058051543.628,4489544.0
IRN,2008,380285006935.854,75514204.0
IRQ,2008,109562085020.285,28971036.0
ISL,2008,17572297288.5175,317414.0
ISR,2008,237930977208.346,7308800.0
ITA,2008,1986572667176.02,59211181.0
JAM,2008,15371463204.7905,2725635.0
JOR,2008,31384186979.027,6989866.0
JPN,2008,4297492743392.88,128063000.0
KAZ,2008,134968901021.859,16426525.0
KEN,2008,49939962360.0343,39206351.0
KGZ,2008,5140072739.62985,5318729.0
KHM,2008,15326369460.3469,14053479.0
KIR,2008,141933258.226749,104222.0
KNA,2008,858287028.941268,46835.0
KOR,2008,1223156560996.14,49054708.0
KWT,2008,105665789636.507,2651421.0
LAC,2008,3944475409415.01,511659365.0
LAO,2008,8496261313.36707,6148969.0
LBN,2008,37931620043.7015,4925354.0
LBR,2008,2258921103.43636,3821003.0
LBY,2008,83573471186.9254,6235430.0
LCA,2008,1786567823.16159,168808.0
LCN,2008,4568072565555.12,574908733.0
LDC,2008,698232322106.642,816268129.0
LIC,2008,333469918631.605,405862712.0
LKA,2008,55876443247.647,20629378.0
LMC,2008,3448456414141.73,2464036877.0
LMY,2008,17340620891413.0,5402245137.0
LSO,2008,1911244554.99023,1966541.0
LTE,2008,12690208193885.4,2153941306.0
LTU,2008,39416661070.6359,3198231.0
LUX,2008,53797819880.8557,488650.0
LVA,2008,27231101091.0587,2177322.0
MAC,2008,31439719865.7318,540700.0
MAR,2008,84721870674.8237,31606767.0
MCO,2008,5197028095.39412,31836.0
MDA,2008,6452653478.32394,2868833.0
MDG,2008,10272850829.8606,20923840.0
MDV,2008,3158820509.47837,336170.0
MEA,2008,2857536038126.45,597799097.0
MEX,2008,1084575522159.75,110374288.0
MHL,2008,163700000.0,52030.0
MIC,2008,17012617647383.3,4996382425.0
MKD,2008,8659882989.55735,1971493.0
MLI,2008,11760733950.0728,14940782.0
MLT,2008,8213969014.31483,409379.0
MMR,2008,34581048770.7151,48390793.0
MNA,2008,1529379152101.53,552681993.0
MNE,2008,3794165363.21697,616969.0
MNG,2008,6810770268.31901,2643201.0
MNP,2008,1054496969.69697,57150.0
MOZ,2008,10057425620.5829,21819036.0
MRT,2008,4820314428.25798,3183269.0
MUS,2008,9409326234.90993,1244121.0
MWI,2008,6506741521.33369,13976417.0
MYS,2008,219902039818.778,27570059.0
NAC,2008,17658438696446.5,337404564.0
NAM,2008,8262699735.19694,2047056.0
NER,2008,6593265446.85522,15361915.0
NGA,2008,330679000570.779,157595014.0
NIC,2008,9684631534.27819,5576593.0
NLD,2008,760233900200.237,16445593.0
NOR,2008,360167903328.752,4768212.0
NPL,2008,17998713599.3171,26990037.0
NRU,2008,50497253.8989619,10009.0
NZL,2008,152242519171.133,4259800.0
OED,2008,43565946490059.0,1274711058.0
OMN,2008,57803951303.0508,2626529.0
OSS,2008,112354516228.374,10862640.0
PAK,2008,238399717138.761,189499113.0
PAN,2008,36015209145.404,3500648.0
PER,2008,137234696225.05,28719041.0
PHL,2008,209958471374.167,92699095.0
PLW,2008,266995277.665594,19009.0
PNG,2008,13892155836.0293,7183002.0
POL,2008,388394800371.402,38125759.0
PRE,2008,949983955644.556,708796270.0
PRI,2008,108975346085.071,3760866.0
PRT,2008,211316368904.681,10558177.0
PRY,2008,26881515165.6831,5613574.0
PSE,2008,9648000000.0,3591977.0
PSS,2008,7569360411.97088,2240739.0
PST,2008,41313697904028.5,1065603711.0
PYF,2008,5768381984.09947,268379.0
QAT,2008,87348184124.9853,1426938.0
ROU,2008,170834114652.888,20537875.0
RUS,2008,1298056264706.47,142742366.0
RWA,2008,5277886757.25615,9804269.0
SAS,2008,1520356367883.69,1406047164.0
SAU,2008,503713066804.231,23287877.0
SDN,2008,58638439292.8844,33623980.0
SEN,2008,13719774159.3291,12048959.0
SGP,2008,215844707508.228,4839396.0
SLB,2008,972394202.454103,508790.0
SLE,2008,5202336667.33238,5894722.0
SLV,2008,20622904543.8145,6029297.0
SMR,2008,1949516207.02618,31662.0
SOM,2008,3554225115.76575,11663084.0
SRB,2008,42160489173.533,7350222.0
SSA,2008,1229320612772.68,761026248.0
SSD,2008,20185217785.8109,8817647.0
SSF,2008,1261598072360.48,846656872.0
SST,2008,178187790436.985,17228345.0
STP,2008,211009232.403659,173793.0
SUR,2008,4367326198.30964,537245.0
SVK,2008,77983340266.5833,5379233.0
SVN,2008,44823161262.4126,2021316.0
SWE,2008,446494653686.263,9219637.0
SWZ,2008,3240107842.57048,1098091.0
SYC,2008,1084627594.53557,86956.0
SYR,2008,30801717185.314,21636564.0
TCA,2008,1065651608.31914,27427.0
TCD,2008,10513288725.5159,11476296.0
TEA,2008,7966102485629.78,1919570287.0
TEC,2008,3101963189542.96,439732746.0
TGO,2008,3887557323.6915,6368812.0
THA,2008,324964940636.733,67619830.0
TJK,2008,5329041788.19323,7338403.0
TKM,2008,18730843999.3395,5345029.0
TLA,2008,4354280178005.87,558968822.0
TLS,2008,1076687515.00565,1032429.0
TMN,2008,1519734058418.89,549090016.0
TON,2008,410272035.475128,107020.0
TSA,2008,1520356367883.69,1406047164.0
TSS,2008,1261598072360.48,846656872.0
TTO,2008,23927871251.383,1308587.0
TUN,2008,39641554633.3358,10542635.0
TUR,2008,600240295872.955,71051678.0
TUV,2008,33339111.9237362,10321.0
TZA,2008,31113277454.4947,42570728.0
UGA,2008,22066817213.6558,30539553.0
UKR,2008,120217318405.036,46819175.0
UMC,2008,13564184505638.1,2532345548.0
URY,2008,43475921755.0631,3302177.0
USA,2008,16251606759787.8,304093966.0
UZB,2008,52362657563.9371,27494774.0
VCT,2008,779416014.229364,111028.0
VEN,2008,130897232287.454,28053696.0
VIR,2008,5438792689.43436,108397.0
VNM,2008,158086705343.275,85175788.0
VUT,2008,652345340.748892,226896.0
WLD,2008,63117398807667.0,6830513541.0
WSM,2008,746336191.822415,190107.0
XKX,2008,4580661082.49863,1800858.0
YEM,2008,56352323545.813,25111941.0
ZAF,2008,307184409060.741,51114599.0
ZMB,2008,13719086269.626,13021324.0
ZWE,2008,10406779091.4808,12959149.0
ABW,2009,2662437285.4367,101604.0
AFE,2009,729932157169.629,516003448.0
AFG,2009,13426272073.2398,27466101.0
AFW,2009,571375328551.058,354343844.0
AGO,2009,78335311067.8479,22414773.0
ALB,2009,10127011190.7491,2927519.0
AND,2009,2986781968.80057,83888.0
ARB,2009,2062704453301.67,356386673.0
ARE,2009,286204912265.895,6707058.0
ARG,2009,501917060966.235,40854831.0
ARM,2009,8330243396.35924,3066000.0
ASM,2009,685329770.992367,55528.0
ATG,2009,1493793051.15554,84173.0
AUS,2009,1158996461663.32,21691653.0
AUT,2009,353527252121.64,8343323.0
AZE,2009,45795872374.3607,8947243.0
BDI,2009,2260014499.81439,8947646.0
BEL,2009,424233482718.834,10796493.0
BEN,2009,8906198943.30981,9509423.0
BFA,2009,8380850241.73524,15710066.0
BGD,2009,136047297736.462,150873714.0
BGR,2009,46816058020.3321,7444443.0
BHR,2009,26168987898.7969,1178415.0
BHS,2009,11095213868.3034,362810.0
BIH,2009,15044038582.7515,3879794.0
BLR,2009,49431189910.8575,9504583.0
BLZ,2009,1874960133.39346,312614.0
BMU,2009,7737613934.72433,63565.0
BOL,2009,24265185360.0464,10016275.0
BRA,2009,1583909738906.86,192079951.0
BRB,2009,6187666802.7612,274123.0
BRN,2009,12647829762.7913,384952.0
BTN,2009,1491078191.02509,693988.0
BWA,2009,10310519328.3503,1990673.0
CAF,2009,2229266675.80904,4529047.0
CAN,2009,1357861635362.94,33630069.0
CEB,2009,1131093678773.15,104800475.0
CHE,2009,616296830083.857,7743831.0
CHI,2009,10650550531.1342,157511.0
CHL,2009,189087132632.604,17009731.0
CHN,2009,6972829250985.1,1331260000.0
CIV,2009,32423167866.6818,21997940.0
CMR,2009,24674221649.2686,19113974.0
COD,2009,25470074710.6773,66412044.0
COG,2009,9467126891.81813,4281219.0
COL,2009,223437193184.792,44271541.0
COM,2009,803011729.191202,641947.0
CPV,2009,1599196517.15668,506141.0
CRI,2009,44474474828.8682,4499791.0
CSS,2009,56309491917.4226,4146899.0
CUB,2009,74107509498.1477,11294719.0
CUW,2009,3076577135.63657,146833.0
CYM,2009,4419986821.73072,52618.0
CYP,2009,21157334409.9038,1109371.0
CZE,2009,169952170270.619,10443936.0
DEU,2009,3025504625850.04,81902307.0
DMA,2009,591040072.975893,68864.0
DNK,2009,279666951317.258,5523095.0
DOM,2009,51333030311.777,9695265.0
DZA,2009,153890137748.132,35490445.0
EAP,2009,8615137388310.97,1959017463.0
EAR,2009,7717194583486.5,2921563644.0
EAS,2009,16163819443094.3,2199148703.0
ECA,2009,1100468107231.29,228250911.0
ECS,2009,18634891371465.7,887741128.0
ECU,2009,72785601820.191,14825954.0
EGY,2009,274326082658.196,87501636.0
EMU,2009,11103943851471.5,340136844.0
ERI,2009,2028539764.99879,2887885.0
ESP,2009,1198983535018.34,46362946.0
EST,2009,19050002927.2983,1334515.0
ETH,2009,33938597623.7578,88007636.0
EUU,2009,12699515364509.5,441388573.0
FCS,2009,1249943002100.57,772015937.0
FIN,2009,226434937568.653,5338871.0
FJI,2009,3778009151.30614,907239.0
FRA,2009,2268145064848.79,64706436.0
FRO,2009,2067675562.88792,48791.0
FSM,2009,303963551.240374,107957.0
GAB,2009,10409376035.5652,1661556.0
GBR,2009,2624727410659.64,62276270.0
GEO,2009,11013204446.9733,3814419.0
GHA,2009,32610629348.5193,24862664.0
GIN,2009,6702408065.67158,10143534.0
GMB,2009,1275249585.58493,1871422.0
GNB,2009,928345745.452418,1526377.0
GNQ,2009,14341122354.4363,1135673.0
GRC,2009,254107830646.221,11107017.0
GRD,2009,860341634.562189,111254.0
GRL,2009,2416242292.49697,56323.0
GTM,2009,49984821614.6264,14215611.0
GUM,2009,5315662056.41492,166173.0
GUY,2009,3496741806.93763,752094.0
HIC,2009,44086964954450.4,1322754052.0
HKG,2009,250592602004.157,6972800.0
HND,2009,17004757718.2843,8189899.0
HPC,2009,499023707558.892,621337653.0
HRV,2009,52090762145.947,4305181.0
HTI,2009,13690375422.772,9689581.0
HUN,2009,111681245651.521,10022650.0
IBD,2009,18659467398015.3,4391389527.0
IBT,2009,20308546456825.9,5797994405.0
IDA,2009,1649163610482.68,1406604878.0
IDB,2009,825472523279.372,495610570.0
IDN,2009,619291626017.383,243220028.0
IDX,2009,823711595841.539,910994308.0
IMN,2009,5738717429.66488,82939.0
IND,2009,1415605643155.69,1225524753.0
IRL,2009,210742455593.378,4535375.0
IRN,2009,384115942794.318,76457825.0
IRQ,2009,113264515567.212,30058206.0
ISL,2009,16110024870.5029,318499.0
ISR,2009,240875924092.824,7485600.0
ITA,2009,1881181927615.29,59555454.0
JAM,2009,14703526728.5078,2736995.0
JOR,2009,32960837541.5358,7141753.0
JPN,2009,4052826324003.77,128047000.0
KAZ,2009,136588527833.35,16619846.0
KEN,2009,51591446859.569,40408891.0
KGZ,2009,5288430380.28424,5389643.0
KHM,2009,15950885068.8658,14276810.0
KIR,2009,142695157.652513,106467.0
KNA,2009,829064585.832369,46916.0
KOR,2009,1233184753860.86,49307835.0
KWT,2009,98188818733.8474,2795484.0
LAC,2009,3848871193245.23,517459947.0
LAO,2009,9133631713.05317,6241642.0
LBN,2009,41812842419.7439,4992287.0
LBR,2009,2378656131.45291,3943028.0
LBY,2009,79896086548.9669,6366686.0
LCA,2009,1736027614.08199,169869.0
LCN,2009,4462729674758.82,581388129.0
LDC,2009,727745612083.773,835687108.0
LIC,2009,344433153791.566,417577386.0
LKA,2009,57853861432.6254,20756435.0
LMC,2009,3654204746731.9,2506795582.0
LMY,2009,18036780860264.2,5477389130.0
LSO,2009,1887282177.32009,1980883.0
LTE,2009,13164997138201.1,2167303374.0
LTU,2009,33567775753.9873,3162916.0
LUX,2009,52055333192.7004,497783.0
LVA,2009,22863227157.4637,2141669.0
MAC,2009,31847926733.5328,535000.0
MAR,2009,87895356582.8232,32030778.0
MCO,2009,4607841717.87684,32364.0
MDA,2009,6065494252.61994,2865213.0
MDG,2009,9864124029.23054,21547280.0
MDV,2009,2895352810.97153,348275.0
MEA,2009,2889490672126.69,612128501.0
MEX,2009,1016298775551.17,111999721.0
MHL,2009,169700000.0,52019.0
MIC,2009,17697912447959.3,5059811744.0
MKD,2009,8628827362.55974,1958782.0
MLI,2009,12402250894.7002,15435539.0
MLT,2009,8099363633.43337,412477.0
MMR,2009,38229352561.5845,48660459.0
MNA,2009,1572672511039.42,565038251.0
MNE,2009,3566726069.75668,618294.0
MNG,2009,6724368909.15607,2691115.0
MNP,2009,869187878.787879,55325.0
MOZ,2009,10653727556.9369,22391745.0
MRT,2009,4825032355.07832,3284448.0
MUS,2009,9721252644.58154,1247429.0
MWI,2009,7048630103.04233,14395788.0
MYS,2009,216573759299.08,28124778.0
NAC,2009,17198483323608.5,340465163.0
NAM,2009,8287154923.12437,2077394.0
NER,2009,6722664934.31258,15943675.0
NGA,2009,357255424171.356,162049464.0
NIC,2009,9365749046.00831,5656601.0
NLD,2009,732369119343.411,16530388.0
NOR,2009,353179332378.308,4828726.0
NPL,2009,18814609456.1982,27173035.0
NRU,2009,47691850.9045751,10016.0
NZL,2009,152185479818.28,4302600.0
OED,2009,42093300373931.7,1283973216.0
OMN,2009,61261764565.2408,2684659.0
OSS,2009,106589821725.358,10989567.0
PAK,2009,246678267936.347,194376534.0
PAN,2009,36595725399.5183,3564381.0
PER,2009,138738546494.974,28896811.0
PHL,2009,212999348337.291,94384250.0
PLW,2009,249543075.907017,18709.0
PNG,2009,14836880985.9851,7406438.0
POL,2009,398551823849.317,38151603.0
PRE,2009,996002673592.935,730293963.0
PRI,2009,106847683983.96,3740410.0
PRT,2009,204718906458.637,10568247.0
PRY,2009,26811317495.2224,5671236.0
PSE,2009,10477100000.0,3689099.0
PSS,2009,7526790787.42346,2262456.0
PST,2009,39921039307591.9,1071118156.0
PYF,2009,5524299140.06103,269481.0
QAT,2009,97792023154.8808,1608903.0
ROU,2009,161409698529.133,20367487.0
RUS,2009,1196807955075.78,142785348.0
RWA,2009,5607662712.73541,10060432.0
SAS,2009,1632707842782.97,1425370200.0
SAU,2009,498339873323.225,24217654.0
SDN,2009,57015500648.426,34569113.0
SEN,2009,14097356679.2382,12337389.0
SGP,2009,216120888113.033,4987573.0
SLB,2009,1000251965.11083,518141.0
SLE,2009,5281974205.57014,6055646.0
SLV,2009,20188015254.5251,6048279.0
SMR,2009,1748307485.8479,33066.0
SOM,2009,3792157453.24222,11961201.0
SRB,2009,40835549106.7566,7320807.0
SSA,2009,1266311152498.09,782252358.0
SSD,2009,21202884179.2359,9243556.0
SSF,2009,1301307485720.69,870347292.0
SST,2009,170420125495.893,17398922.0
STP,2009,217977600.590737,177853.0
SUR,2009,4498944263.51763,543568.0
SVK,2009,73690093871.6194,5386406.0
SVN,2009,41420820595.9101,2039669.0
SWE,2009,427493565399.86,9298515.0
SWZ,2009,3286542195.57087,1105153.0
SXM,2009,1257551799.47476,33491.0
SYC,2009,1057735598.8393,87298.0
SYR,2009,32622727886.4047,21976969.0
TCA,2009,857314089.296143,28588.0
TCD,2009,10365231906.8954,11893754.0
TEA,2009,8604622570369.36,1934167856.0
TEC,2009,2956144404851.8,441304973.0
TGO,2009,4099577351.44505,6551865.0
THA,2009,322720673508.111,68121080.0
TJK,2009,5536874479.12428,7490230.0
TKM,2009,19873425504.8127,5451592.0
TLA,2009,4251831633496.23,565454932.0
TLS,2009,1185938474.0377,1058782.0
TMN,2009,1562197712040.12,561349152.0
TON,2009,389228451.705693,107203.0
TSA,2009,1632707842782.97,1425370200.0
TSS,2009,1301307485720.69,870347292.0
TTO,2009,22877023931.3411,1310106.0
TUN,2009,40848025576.8668,10650681.0
TUR,2009,570932398858.345,72039206.0
TUV,2009,31255417.4285027,10461.0
TZA,2009,32752668789.9028,43633982.0
UGA,2009,23567695614.7273,31451151.0
UKR,2009,102020662582.215,46623731.0
UMC,2009,14043762894103.2,2553016162.0
URY,2009,45320819970.7986,3310091.0
USA,2009,15832884074310.8,306771529.0
UZB,2009,56578340212.8329,27939328.0
VCT,2009,768674152.560189,110508.0
VEN,2009,126705506739.332,28438298.0
VIR,2009,5080115795.09071,108404.0
VNM,2009,166620063722.291,86460018.0
VUT,2009,672159048.88298,232731.0
WLD,2009,62285101784074.8,6916589116.0
WSM,2009,742293455.836928,191513.0
XKX,2009,4811290686.57684,1794681.0
YEM,2009,58531033711.6239,25927724.0
ZAF,2009,302459639039.778,51728516.0
ZMB,2009,14984033821.7868,13490389.0
ZWE,2009,11787972496.3516,13142790.0
ABW,2010,2589660712.61171,101838.0
AFE,2010,768676258158.214,530308387.0
AFG,2010,15354612541.5059,28284089.0
AFW,2010,611375827456.184,364358270.0
AGO,2010,82482120582.925,23294825.0
ALB,2010,10428102872.2706,2913021.0
AND,2010,2927794279.37554,80706.0
ARB,2010,2162552600448.41,363568534.0
ARE,2010,290792347835.845,6869838.0
ARG,2010,552738161802.463,41288694.0
ARM,2010,8513508751.09706,3044800.0
ASM,2010,687384732.824428,55228.0
ATG,2010,1376672104.84443,85320.0
AUS,2010,1184610839239.74,22031750.0
AUT,2010,359922497999.326,8363404.0
AZE,2010,47988959988.6111,9054332.0
BDI,2010,2375133693.99181,9376444.0
BEL,2010,435731531598.616,10895586.0
BEN,2010,9094481753.64081,9797484.0
BFA,2010,9088720451.70527,16176498.0
BGD,2010,143627564998.204,152201981.0
BGR,2010,47544216166.3084,7395599.0
BHR,2010,27303230073.1892,1228543.0
BHS,2010,11265931761.9405,367478.0
BIH,2010,15174269895.7758,3811472.0
BLR,2010,53262115569.3291,9483836.0
BLZ,2010,1901536024.42607,320245.0
BMU,2010,7543950875.42882,63725.0
BOL,2010,25266542246.0612,10182345.0
BRA,2010,1703150040806.99,193701929.0
BRB,2010,6050442244.32578,275243.0
BRN,2010,12994552864.5932,392332.0
BTN,2010,1668991759.59852,701632.0
BWA,2010,11353915357.5123,2033111.0
CAF,2010,2332499967.93604,4492995.0
CAN,2010,1399830508940.89,34005902.0
CEB,2010,1148495311776.57,104421447.0
CHE,2010,636285783946.788,7824909.0
CHI,2010,10266424333.8754,158621.0
CHL,2010,200151851762.225,17181464.0
CHN,2010,7711689202853.29,1337705000.0
CIV,2010,34643522418.9356,22488065.0
CMR,2010,25389533434.6495,19668066.0
COD,2010,27467694662.4827,68563038.0
COG,2010,10407332392.13,4462290.0
COL,2010,233479933032.173,44777319.0
COM,2010,833348554.386726,654836.0
CPV,2010,1628564468.24228,509784.0
CRI,2010,46858459461.2317,4555962.0
CSS,2010,57355843060.567,4173335.0
CUB,2010,75878940053.321,11297409.0
CUW,2010,3079109361.94443,148703.0
CYM,2010,4299956032.00849,54099.0
CYP,2010,21640286747.1052,1127816.0
CZE,2010,174565802522.079,10474410.0
DEU,2010,3150598283304.25,81776930.0
DMA,2010,590415870.485502,68859.0
DNK,2010,284093791186.593,5547683.0
DOM,2010,55645592832.7047,9820175.0
DZA,2010,161276864361.482,36188236.0
EAP,2010,9467859475987.65,1973602166.0
EAR,2010,8209630379804.88,2967104472.0
EAS,2010,17396593972373.4,2214613815.0
ECA,2010,1178887128713.63,230106440.0
ECS,2010,19125421612882.4,890990371.0
ECU,2010,75718234074.2169,15076695.0
EGY,2010,288446290408.139,89196072.0
EMU,2010,11339151064774.2,341002804.0
ERI,2010,2073049788.74561,2945186.0
ESP,2010,1200112046037.65,46576897.0
EST,2010,19516680413.329,1331475.0
ETH,2010,38198074328.8086,90538514.0
EUU,2010,12976593517674.0,442088310.0
FCS,2010,1327110583952.26,791371804.0
FIN,2010,233609048324.553,5363352.0
FJI,2010,3889636945.80504,910419.0
FRA,2010,2313515332182.54,65026211.0
FRO,2010,2059822159.10004,48657.0
FSM,2010,310244010.295231,107540.0
GAB,2010,11147389066.6347,1719879.0
GBR,2010,2684060544650.54,62766365.0
GEO,2010,11701134202.5253,3786695.0
GHA,2010,35186775129.0417,25474995.0
GIN,2010,7025019105.91374,10396086.0
GMB,2010,1350595613.51288,1926630.0
GNB,2010,980382895.434522,1566347.0
GNQ,2010,13061295371.1388,1189085.0
GRC,2010,239639588360.141,11121341.0
GRD,2010,855944031.100456,111586.0
GRL,2010,2458184031.69379,56534.0
GTM,2010,51426471557.3669,14500112.0
GUM,2010,5435968880.80073,166522.0
GUY,2010,3641452424.56855,749256.0
HIC,2010,45430149732850.8,1328657754.0
HKG,2010,267551928313.897,7024200.0
HND,2010,17639229093.9667,8365878.0
HPC,2010,529803771780.867,638796398.0
HRV,2010,51394805225.024,4295427.0
HTI,2010,12916662276.64,9803294.0
HUN,2010,112873946275.587,10000023.0
IBD,2010,20109147343558.8,4436714947.0
IBT,2010,21860297388966.7,5876645582.0
IDA,2010,1751215649503.42,1439930635.0
IDB,2010,874534174643.581,508422508.0
IDN,2010,657835433773.518,246305322.0
IDX,2010,876707600081.672,931508127.0
IMN,2010,5933833731.82898,83873.0
IND,2010,1535897931732.14,1243481564.0
IRL,2010,214289191596.523,4560155.0
IRN,2010,406386748164.51,77420842.0
IRQ,2010,120516349622.451,31045366.0
ISL,2010,15752089361.4432,318041.0
ISR,2010,254206817526.885,7623600.0
ITA,2010,1909947188308.66,59819407.0
JAM,2010,14489274699.2317,2748568.0
JOR,2010,33723826288.3537,7297043.0
JPN,2010,4218907820178.57,128070000.0
KAZ,2010,146559490369.689,16836810.0
KEN,2010,55748929986.1062,41598567.0
KGZ,2010,5263491909.11624,5467059.0
KHM,2010,16760698493.0409,14500726.0
KIR,2010,144444531.776316,108704.0
KNA,2010,828615280.858431,46846.0
KOR,2010,1319281537670.41,49554112.0
KWT,2010,95861205611.671,2943372.0
LAC,2010,4106213587655.82,523147480.0
LAO,2010,9912447859.53224,6334194.0
LBN,2010,45147473283.5593,5041288.0
LBR,2010,2523749998.53307,4058890.0
LBY,2010,83912660700.3206,6497839.0
LCA,2010,1741756827.17338,170906.0
LCN,2010,4737753656500.88,587752505.0
LDC,2010,773873855018.696,855348118.0
LIC,2010,366802841348.064,429515596.0
LKA,2010,62491408087.6686,20879089.0
LMC,2010,3905133763584.19,2550264612.0
LMY,2010,19509385249223.0,5553257507.0
LSO,2010,1986735734.7651,1996251.0
LTE,2010,14222725781794.8,2179525352.0
LTU,2010,33711177146.509,3097282.0
LUX,2010,54012829512.59,506953.0
LVA,2010,22026145287.9415,2097555.0
MAC,2010,39842746025.8379,537000.0
MAR,2010,90971304769.4422,32467016.0
MCO,2010,4703003769.39437,33163.0
MDA,2010,6496144351.04957,2862354.0
MDG,2010,9925206605.67835,22183340.0
MDV,2010,3091816044.31985,360792.0
MEA,2010,3028465499180.11,624828664.0
MEX,2010,1066822388048.98,113623895.0
MHL,2010,179100000.0,52044.0
MIC,2010,19148313474735.4,5123741911.0
MKD,2010,8918648175.61246,1946298.0
MLI,2010,13093898208.5384,15945198.0
MLT,2010,8601309578.86681,414508.0
MMR,2010,41912536387.039,49024382.0
MNA,2010,1648638405588.97,577396038.0
MNE,2010,3665724040.98962,619428.0
MNG,2010,7152385862.09146,2738622.0
MNP,2010,881321212.121212,54091.0
MOZ,2010,11365367724.1329,22999235.0
MRT,2010,4951459275.31606,3390965.0
MUS,2010,10146771628.6992,1250400.0
MWI,2010,7533157578.1417,14826463.0
MYS,2010,232654030399.227,28655776.0
NAC,2010,17666985250493.4,343447854.0
NAM,2010,8787636883.68937,2109811.0
NER,2010,7299346341.92573,16548835.0
NGA,2010,385856064172.786,166642886.0
NIC,2010,9778787862.00226,5737450.0
NLD,2010,742031413974.447,16615394.0
NOR,2010,355959036888.204,4889252.0
NPL,2010,19720799061.8121,27341952.0
NRU,2010,47691850.9045751,10043.0
NZL,2010,154405312544.983,4350700.0
OED,2010,43342233851625.0,1292701737.0
OMN,2010,62776154506.6944,2757446.0
OSS,2010,109228581730.615,11112466.0
PAK,2010,250382678707.751,199239047.0
PAN,2010,38818327773.9434,3628535.0
PER,2010,150298879148.001,29086019.0
PHL,2010,228621785456.625,96337125.0
PLW,2010,242946999.617743,18396.0
PNG,2010,16339627662.3714,7633523.0
POL,2010,411181642127.603,38042794.0
PRE,2010,1062265158933.83,752046672.0
PRI,2010,106406131528.656,3724465.0
PRT,2010,208276152407.912,10573100.0
PRY,2010,29786095177.4612,5737971.0
PSE,2010,11082400000.0,3786161.0
PSS,2010,7802720838.51455,2289399.0
PST,2010,41079925893471.3,1076208648.0
PYF,2010,5388066377.2296,270580.0
QAT,2010,116951606956.59,1616832.0
ROU,2010,155105339843.99,20246871.0
RUS,2010,1250664313044.7,142849468.0
RWA,2010,6018965507.59309,10317553.0
SAS,2010,1766498511683.75,1444967010.0
SAU,2010,523453786400.721,23978487.0
SDN,2010,59215296613.7581,35414399.0
SEN,2010,14575382431.8826,12635413.0
SGP,2010,247501100140.018,5076732.0
SLB,2010,1097358149.86722,532968.0
SLE,2010,5617678842.06416,6222714.0
SLV,2010,20622904543.8145,6068249.0
SMR,2010,1652610655.04359,33270.0
SOM,2010,4046017818.73357,12261756.0
SRB,2010,41493398701.5159,7291436.0
SSA,2010,1340748623301.35,804038373.0
SSD,2010,22367646895.0144,9745953.0
SSF,2010,1380052085614.4,894666657.0
SST,2010,174378037599.59,17575200.0
STP,2010,221134908.544338,181802.0
SUR,2010,4731486826.19641,549923.0
SVK,2010,78694079820.7688,5391428.0
SVN,2010,41881476947.431,2048583.0
SWE,2010,452077714777.655,9378126.0
SWZ,2010,3412233861.45679,1111650.0
SXM,2010,1297793365.1585,33794.0
SYC,2010,1105387984.2341,89770.0
SYR,2010,34316469200.952,22482421.0
TCA,2010,865757988.836841,29739.0
TCD,2010,11782555814.4129,12312575.0
TEA,2010,9456267890261.69,1948643347.0
TEC,2010,3094777445121.25,442936599.0
TGO,2010,4339580301.80856,6732590.0
THA,2010,346967938038.265,68579447.0
TJK,2010,5896771269.65215,7652141.0
TKM,2010,21701780648.8816,5564356.0
TLA,2010,4525374262949.02,571822092.0
TLS,2010,1296604299.77159,1084679.0
TMN,2010,1637558295034.46,573609877.0
TON,2010,392437239.050283,107400.0
TSA,2010,1766498511683.75,1444967010.0
TSS,2010,1380052085614.4,894666657.0
TTO,2010,23637278843.6027,1317714.0
TUN,2010,42061674642.7812,10765980.0
TUR,2010,619702577582.152,73142150.0
TUV,2010,30560852.5967582,10614.0
TZA,2010,34828049320.6343,44758488.0
UGA,2010,24896350765.3932,32390802.0
UKR,2010,106195352549.996,46456003.0
UMC,2010,15243216924473.0,2573477299.0
URY,2010,48857389210.184,3318580.0
USA,2010,16259610790677.0,309378227.0
UZB,2010,60876691748.3487,28385506.0
VCT,2010,734310821.044753,109959.0
VEN,2010,124819126240.736,28813101.0
VIR,2010,5110412753.46852,108357.0
VNM,2010,177322478338.404,87455152.0
VUT,2010,680620638.703336,238248.0
WLD,2010,65103029475797.8,7001266876.0
WSM,2010,787756851.010821,193023.0
XKX,2010,5048966087.01821,1788743.0
YEM,2010,63038676060.5744,26754387.0
ZAF,2010,311653604140.269,52344051.0
ZMB,2010,16527123087.7163,13965594.0
ZWE,2010,14107304144.8004,13356548.0
ABW,2011,2676912524.28603,102591.0
AFE,2011,800018855528.803,544737983.0
AFG,2011,15420077665.5323,29347708.0
AFW,2011,641468033175.446,374790143.0
AGO,2011,85446420441.9715,24218352.0
ALB,2011,10685000942.5337,2905195.0
AND,2011,2927558013.5968,77783.0
ARB,2011,2245880154831.72,372054934.0
ARE,2011,310381480913.923,7104538.0
ARG,2011,585924294024.785,41730660.0
ARM,2011,8913643662.28574,3027900.0
ASM,2011,687384732.824428,54895.0
ATG,2011,1349706641.55924,86332.0
AUS,2011,1212979128949.21,22340024.0
AUT,2011,370459113959.145,8391643.0
AZE,2011,47234094919.1645,9173082.0
BDI,2011,2470719237.95292,9717978.0
BEL,2011,444146182962.729,11038264.0
BEN,2011,9364019722.08608,10093623.0
BFA,2011,9690626654.34607,16661908.0
BGD,2011,152912195327.661,153591076.0
BGR,2011,48537973523.4502,7348328.0
BHR,2011,27829679463.9972,1195020.0
BHS,2011,11335011158.6301,371729.0
BIH,2011,15319868792.2914,3741798.0
BLR,2011,56218149516.8364,9461643.0
BLZ,2011,1899062675.16468,327298.0
BMU,2011,7261600082.73073,63733.0
BOL,2011,26581436461.7176,10348929.0
BRA,2011,1770840429106.43,195284734.0
BRB,2011,6031666500.58892,276139.0
BRN,2011,13481121714.8966,399389.0
BTN,2011,1810676784.15218,709377.0
BWA,2011,12130342700.3127,2073535.0
CAF,2011,2430339369.3364,4565021.0
CAN,2011,1443745913580.69,34339221.0
CEB,2011,1189848075733.94,104174038.0
CHE,2011,647822334336.491,7912398.0
CHI,2011,10381926033.3796,159706.0
CHL,2011,212609096429.355,17351816.0
CHN,2011,8441318020902.42,1345035000.0
CIV,2011,32783010325.3471,22982000.0
CMR,2011,26247499413.6974,20232304.0
COD,2011,29553403849.2894,70849311.0
COG,2011,10636909752.5259,4609724.0
COL,2011,249701866578.277,45259614.0
COM,2011,867878891.68189,668056.0
CPV,2011,1692481034.54407,511447.0
CRI,2011,48921712048.582,4609833.0
CSS,2011,57864218310.309,4201107.0
CUB,2011,78005296225.1446,11301571.0
CUW,2011,3094765326.65816,150831.0
CYM,2011,4350225213.89143,55606.0
CYP,2011,21730464390.338,1146493.0
CZE,2011,177659773382.538,10496088.0
DEU,2011,3268996785218.57,80274983.0
DMA,2011,590668207.662469,69053.0
DNK,2011,287817703286.122,5570572.0
DOM,2011,57421779163.4885,9945621.0
DZA,2011,166115170291.39,36903376.0
EAP,2011,10280658816482.9,1989106668.0
EAR,2011,8616200815408.74,3013476947.0
EAS,2011,18344882651070.7,2230826576.0
ECA,2011,1277064812831.32,231988438.0
ECS,2011,19570878383553.7,893009595.0
ECU,2011,82140258351.3877,15326227.0
EGY,2011,293536132736.607,91093059.0
EMU,2011,11540709547027.3,340367367.0
ERI,2011,2252986366.41081,2998485.0
ESP,2011,1192432281393.69,46742697.0
EST,2011,21001309333.0129,1327439.0
ETH,2011,42467968231.3241,93149970.0
EUU,2011,13231012723603.5,441414078.0
FCS,2011,1333050889939.51,810972272.0
FIN,2011,239193226293.28,5388272.0
FJI,2011,3994857188.49831,912989.0
FRA,2011,2369909039106.43,65340830.0
FRO,2011,2133282898.13186,48543.0
FSM,2011,321982777.731463,107698.0
GAB,2011,11937934403.3789,1781985.0
GBR,2011,2706913649065.85,63258810.0
GEO,2011,12629541567.4316,3756441.0
GHA,2011,40129504915.3457,26095088.0
GIN,2011,7419271030.30424,10656810.0
GMB,2011,1240786190.47581,1983784.0
GNB,2011,1059647261.07297,1608076.0
GNQ,2011,13913404306.2274,1241835.0
GRC,2011,215970916413.204,11104899.0
GRD,2011,862490064.656016,112079.0
GRL,2011,2445978671.28639,56890.0
GTM,2011,53567821946.194,14792126.0
GUM,2011,5440190172.88444,166543.0
GUY,2011,3830671453.00564,746153.0
HIC,2011,46354893456607.9,1334557663.0
HKG,2011,280433768912.6,7071600.0
HND,2011,18315815357.186,8540583.0
HPC,2011,554017618612.77,656783491.0
HRV,2011,51337804931.0411,4280622.0
HTI,2011,13575181302.2734,9914904.0
HUN,2011,115037411549.874,9971727.0
IBD,2011,21385695705193.7,4483152627.0
IBT,2011,23210744133534.2,5956718993.0
IDA,2011,1825081691457.94,1473566366.0
IDB,2011,911233238864.153,520984443.0
IDN,2011,698422460479.197,249470032.0
IDX,2011,913876085937.478,952581923.0
IMN,2011,6052510369.79887,84382.0
IND,2011,1616399198833.92,1261224954.0
IRL,2011,217736818590.032,4580084.0
IRN,2011,417138595177.331,78383598.0
IRQ,2011,129611081238.514,32161424.0
ISL,2011,15969467673.4589,319014.0
ISR,2011,268235973747.568,7765800.0
ITA,2011,1923230167272.61,60026841.0
JAM,2011,14739993670.3316,2760494.0
JOR,2011,34646908078.4163,7480424.0
JPN,2011,4219912322040.1,127833000.0
KAZ,2011,157404892659.159,17066002.0
KEN,2011,58603891851.295,42758461.0
KGZ,2011,5576999924.82018,5546587.0
KHM,2011,17981993293.903,14722584.0
KIR,2011,149158807.242056,110647.0
KNA,2011,842010736.012811,46886.0
KOR,2011,1367937063745.25,49936638.0
KWT,2011,105091330435.265,3132814.0
LAC,2011,4287954881028.5,528822706.0
LAO,2011,10709275115.0696,6426590.0
LBN,2011,45539055323.5066,5096020.0
LBR,2011,2730716886.49046,4221178.0
LBY,2011,41672273290.5727,6343203.0
LCA,2011,1817121648.89295,171801.0
LCN,2011,4946051556371.06,594086829.0
LDC,2011,799667005264.699,875685078.0
LIC,2011,366324614356.486,441658754.0
LKA,2011,67909090095.7458,21009048.0
LMC,2011,4090885153145.09,2593815085.0
LMY,2011,20749171281154.1,5630227189.0
LSO,2011,2078451680.28081,2014009.0
LTE,2011,15242521220194.1,2193171336.0
LTU,2011,35842949499.0897,3028115.0
LUX,2011,54576884709.7504,518347.0
LVA,2011,22694935010.9107,2059709.0
MAC,2011,48457666664.9019,549600.0
MAR,2011,95997146621.9656,32912588.0
MCO,2011,5033265481.27337,33946.0
MDA,2011,6874100822.53274,2860699.0
MDG,2011,10081868751.8746,22822300.0
MDV,2011,3365238508.40701,373674.0
MEA,2011,3144827143335.33,639053870.0
MEX,2011,1103564231781.62,115243504.0
MHL,2011,178200000.0,51907.0
MIC,2011,20387750736689.7,5188568435.0
MKD,2011,9127334379.6944,1937398.0
MLI,2011,13478253743.0182,16469049.0
MLT,2011,8686651936.95873,416268.0
MMR,2011,44256068473.3923,49419820.0
MNA,2011,1642447546645.79,589646039.0
MNE,2011,3790717464.03353,620345.0
MNG,2011,8389088993.66654,2786317.0
MNP,2011,816242424.242424,53608.0
MOZ,2011,12176179697.5618,23649039.0
MRT,2011,5158072939.98105,3502811.0
MUS,2011,10560510104.34,1252404.0
MWI,2011,7904743381.9111,15265022.0
MYS,2011,244970531973.676,29162039.0
NAC,2011,17964984770574.6,346242415.0
NAM,2011,9235045191.83414,2146325.0
NER,2011,7471447186.58798,17176283.0
NGA,2011,406337011591.35,171379598.0
NIC,2011,10396483140.3717,5819051.0
NLD,2011,755190192159.834,16693074.0
NOR,2011,359894719457.521,4953088.0
NPL,2011,20395607080.0478,27464494.0
NRU,2011,54705358.390542,10098.0
NZL,2011,157637781921.494,4384000.0
OED,2011,44156209796875.4,1299644689.0
OMN,2011,64593279186.5623,3076763.0
OSS,2011,112822959179.033,11226214.0
PAK,2011,257093227079.837,203746065.0
PAN,2011,43441154768.9962,3693505.0
PER,2011,159808578409.161,29304086.0
PHL,2011,237442546234.973,98248614.0
PLW,2011,255317876.001409,18078.0
PNG,2011,16520596167.0901,7859346.0
POL,2011,432791139408.41,38063255.0
PRE,2011,1108612413064.7,774567417.0
PRI,2011,106024654228.865,3693464.0
PRT,2011,204707283345.749,10557560.0
PRY,2011,31062837784.856,5814626.0
PSE,2011,12146400000.0,3882986.0
PSS,2011,8104706553.80971,2320899.0
PST,2011,41763766673437.3,1079468050.0
PYF,2011,5228474143.52811,271727.0
QAT,2011,132594158696.499,1624761.0
ROU,2011,162078238594.701,20147528.0
RUS,2011,1304443243520.47,143018195.0
RWA,2011,6497978178.31424,10573733.0
SAS,2011,1862792006629.93,1464372623.0
SAU,2011,585005778521.172,25091867.0
SDN,2011,57312394053.386,36140806.0
SEN,2011,14769831308.7257,12958897.0
SGP,2011,262883130580.256,5183688.0
SLB,2011,1178894466.85833,552945.0
SLE,2011,6072747634.58121,6387251.0
SLV,2011,21401127375.9033,6090127.0
SMR,2011,1515199821.06818,32620.0
SOM,2011,4316872490.49444,12348830.0
SRB,2011,41515918199.5454,7236519.0
SSA,2011,1397808412486.19,826290715.0
SSD,2011,21329717232.6938,10288109.0
SSF,2011,1441486888704.25,919528126.0
SST,2011,178767068495.024,17748220.0
STP,2011,225556350.897449,185649.0
SUR,2011,5008248887.00011,556269.0
SVK,2011,80710556384.8384,5398384.0
SVN,2011,42155984116.073,2052843.0
SWE,2011,466380936831.165,9449213.0
SWZ,2011,3475009965.0534,1117833.0
SXM,2011,1357491904.26446,34267.0
SYC,2011,1210507986.73155,87441.0
SYR,2011,35294489548.9953,22878098.0
TCA,2011,905760327.445553,30846.0
TCD,2011,12312232324.3094,12754997.0
TEA,2011,10268066546737.4,1964036970.0
TEC,2011,3276253212809.4,444846366.0
TGO,2011,4592285181.71423,6916474.0
THA,2011,349882927003.633,69007208.0
TJK,2011,6333132378.96151,7824785.0
TKM,2011,24891942388.6142,5683417.0
TLA,2011,4731954881368.41,578171855.0
TLS,2011,1373863180.30951,1110207.0
TMN,2011,1630302060179.33,585763053.0
TON,2011,418745044.285962,107570.0
TSA,2011,1862792006629.93,1464372623.0
TSS,2011,1441486888704.25,919528126.0
TTO,2011,23567701471.1486,1328019.0
TUN,2011,41200826152.5875,10886035.0
TUR,2011,687745688381.755,74223629.0
TUV,2011,32644547.0919917,10780.0
TZA,2011,37500111399.4432,46029367.0
UGA,2011,27234530259.5375,33354543.0
UKR,2011,111977987704.028,46307853.0
UMC,2011,16296874138200.7,2594753350.0
URY,2011,51379472633.5779,3326825.0
USA,2011,16513977256911.2,311839461.0
UZB,2011,65457747965.3909,28823196.0
VCT,2011,729858865.987443,109349.0
VEN,2011,130032103882.235,29185212.0
VIR,2011,4691141942.36926,108290.0
VNM,2011,188694468366.268,88468314.0
VUT,2011,701990785.256935,243474.0
WLD,2011,67276821813552.3,7087120034.0
WSM,2011,818078226.23594,194713.0
XKX,2011,5368051162.24269,1791949.0
YEM,2011,55023373390.1327,27582897.0
ZAF,2011,321528523981.702,52995205.0
ZMB,2011,17447560252.6576,14437796.0
ZWE,2011,16109682999.8506,13595424.0
ABW,2012,2649051221.82866,104110.0
AFE,2012,815196596607.277,559609961.0
AFG,2012,17386490239.3536,30560034.0
AFW,2012,674373438077.728,385360349.0
AGO,2012,92712034533.3955,25177394.0
ALB,2012,10790155229.5092,2860708.0
AND,2012,2781928287.88297,76834.0
ARB,2012,2369263290821.59,381030177.0
ARE,2012,324917470354.939,7391448.0
ARG,2012,579910247223.428,42161721.0
ARM,2012,9555426006.05632,3024100.0
ASM,2012,657587786.259542,54489.0
ATG,2012,1395234173.14327,87260.0
AUS,2012,1260921781880.75,22733465.0
AUT,2012,372786509411.403,8429991.0
AZE,2012,48274633178.2711,9295784.0
BDI,2012,2579999920.33893,10071028.0
BEL,2012,445104666468.521,11106932.0
BEN,2012,9814543622.24071,10397657.0
BFA,2012,10315931043.8746,17172287.0
BGD,2012,162884301114.117,155070101.0
BGR,2012,48901433349.8318,7305888.0
BHR,2012,28888050241.9569,1208964.0
BHS,2012,11847358068.6233,375469.0
BIH,2012,15193964403.4513,3670113.0
BLR,2012,57178272607.7523,9446836.0
BLZ,2012,1973959679.21923,334414.0
BMU,2012,6876350478.40565,63646.0
BOL,2012,27943010890.6533,10515807.0
BRA,2012,1804861390164.77,196876111.0
BRB,2012,5825750942.63272,276938.0
BRN,2012,13604222581.2368,405557.0
BTN,2012,1904194983.13207,717279.0
BWA,2012,12109617148.6354,2108617.0
CAF,2012,2553162918.71416,4610848.0
CAN,2012,1469093201732.39,34713395.0
CEB,2012,1199818484000.74,103929494.0
CHE,2012,655461804171.543,7996861.0
CHI,2012,9784585181.16353,160767.0
CHL,2012,225695909224.96,17519119.0
CHN,2012,9104482675356.36,1354190000.0
CIV,2012,35281210700.9425,23467078.0
CMR,2012,27461703151.6573,20809529.0
COD,2012,32115268325.5231,73254618.0
COG,2012,11694979455.2472,4740450.0
COL,2012,259471791121.288,45715810.0
COM,2012,895376387.011074,681630.0
CPV,2012,1710821579.61286,511955.0
CRI,2012,51310359848.0341,4663934.0
CSS,2012,60198956772.9959,4228445.0
CUB,2012,80357078126.4622,11303175.0
CUW,2012,3083966131.99718,152088.0
CYM,2012,4403722268.68141,57136.0
CYP,2012,20981332378.0944,1165397.0
CZE,2012,176290606021.546,10510785.0
DEU,2012,3284148978797.69,80425823.0
DMA,2012,589738544.378908,69118.0
DNK,2012,287802068160.374,5591572.0
DOM,2012,59015618840.2876,10070411.0
DZA,2012,170101934378.955,37646166.0
EAP,2012,11059845176666.4,2006566431.0
EAR,2012,8980694118284.78,3058869436.0
EAS,2012,19300451804362.9,2249081393.0
ECA,2012,1328920933931.01,233875199.0
ECS,2012,19632553929987.7,896514510.0
ECU,2012,86890603905.3287,15572194.0
EGY,2012,300070833532.511,93161001.0
EMU,2012,11434436143523.9,341100659.0
ESP,2012,1158267740898.69,46773055.0
EST,2012,21772481344.2301,1322696.0
ETH,2012,46140518129.2398,95798767.0
EUU,2012,13129872603290.2,442069839.0
FCS,2012,1408135877506.06,831065598.0
FIN,2012,235550695854.071,5413971.0
FJI,2012,4051237182.53114,914918.0
FRA,2012,2374265767668.09,65657659.0
FRO,2012,2284350973.3955,48291.0
FSM,2012,316527680.318535,107890.0
GAB,2012,12564804521.2615,1846889.0
GBR,2012,2748282336997.97,63711000.0
GEO,2012,13460417765.6957,3728874.0
GHA,2012,43858655296.9198,26734268.0
GIN,2012,7858142150.2509,10921581.0
GMB,2012,1305822857.84822,2043094.0
GNB,2012,1041496885.43544,1651417.0
GNQ,2012,15070007775.4052,1293483.0
GRC,2012,197978089510.093,11045011.0
GRD,2012,852529700.227814,112775.0
GRL,2012,2480080343.49763,56810.0
GTM,2012,55161308535.5737,15089647.0
GUM,2012,5556275705.18653,166331.0
GUY,2012,4032790343.85011,746288.0
HIC,2012,47042361523237.3,1342428400.0
HKG,2012,285202001494.798,7150100.0
HND,2012,19072018181.9071,8715076.0
HPC,2012,576509978065.169,675397557.0
HRV,2012,50189155633.3966,4260368.0
HTI,2012,13643386325.9664,10069771.0
HUN,2012,113496503293.017,9920362.0
IBD,2012,22553760316696.4,4532100585.0
IBT,2012,24441617327052.1,6038958543.0
IDA,2012,1887855969322.69,1506857958.0
IDB,2012,952245332775.443,532980174.0
IDN,2012,740537688618.414,252698525.0
IDX,2012,935618403230.306,973877784.0
IMN,2012,6494579135.1244,84335.0
IND,2012,1704596203504.32,1278674502.0
IRL,2012,216854920423.995,4599533.0
IRN,2012,401507697046.153,79370580.0
IRQ,2012,147674239072.767,33654842.0
ISL,2012,16156200535.1964,320716.0
ISR,2012,274800159647.141,7910500.0
ITA,2012,1863124632394.25,60191247.0
JAM,2012,14649543756.5624,2772430.0
JOR,2012,35488605511.9193,7587127.0
JPN,2012,4277925608846.49,127629000.0
KAZ,2012,164960327499.374,17306106.0
KEN,2012,61281315911.5794,43888303.0
KGZ,2012,5572083788.24116,5652076.0
KHM,2012,19357661918.8519,14945085.0
KIR,2012,157815476.896252,112284.0
KNA,2012,835799755.490721,47033.0
KOR,2012,1402787524457.73,50199853.0
KWT,2012,112054550468.936,3337109.0
LAC,2012,4388419210561.84,534503260.0
LAO,2012,11568812077.4386,6518978.0
LBN,2012,46707037069.3046,5235742.0
LBR,2012,2949005327.42991,4373043.0
LBY,2012,77854953189.632,6179328.0
LCA,2012,1815145417.37838,172587.0
LCN,2012,5076825930636.23,600420316.0
LDC,2012,826114938400.153,896684951.0
LIC,2012,350205581428.697,453652889.0
LKA,2012,73771125924.0275,21169458.0
LMC,2012,4302721062535.43,2637101332.0
LMY,2012,21888408320219.6,5709148191.0
LSO,2012,2210102550.34645,2034354.0
LTE,2012,16139690127827.7,2209319631.0
LTU,2012,37413912227.1865,2989139.0
LUX,2012,55477349891.7792,530946.0
LVA,2012,24352854611.1188,2034319.0
MAC,2012,52924239876.4531,567900.0
MAR,2012,98936909179.3524,33355241.0
MCO,2012,5084213121.21499,34711.0
MDA,2012,6833561915.89765,2860324.0
MDG,2012,10385448752.8756,23462438.0
MDV,2012,3445643747.5744,386818.0
MEA,2012,3278425667152.6,653273442.0
MEX,2012,1142776194808.08,116818208.0
MHL,2012,175900000.0,51419.0
MIC,2012,21541561715559.3,5255495302.0
MKD,2012,9085697011.49163,1929821.0
MLI,2012,13333713052.1336,16957033.0
MLT,2012,9042950074.18784,420028.0
MMR,2012,47501220127.3631,49837446.0
MNA,2012,1700853382044.64,601566988.0
MNE,2012,3696429855.69991,621418.0
MNG,2012,9422609644.69237,2839705.0
MNP,2012,822860606.060606,53234.0
MOZ,2012,13149604768.3812,24337846.0
MRT,2012,5388639480.83596,3619034.0
MUS,2012,10929718037.5047,1255882.0
MWI,2012,8054933506.22505,15709577.0
MYS,2012,258378881826.473,29662831.0
NAC,2012,18367970473186.3,349116140.0
NAM,2012,9702493818.43111,2194654.0
NER,2012,8259606009.352,17836769.0
NGA,2012,423525315758.055,176200625.0
NIC,2012,11071852873.3639,5901287.0
NLD,2012,747805361887.684,16754962.0
NOR,2012,369676511271.49,5018573.0
NPL,2012,21348110877.0432,27534915.0
NRU,2012,68031022.6138793,10267.0
NZL,2012,161367975232.595,4408100.0
OED,2012,44764132360716.0,1307733583.0
OMN,2012,70318260489.7491,3547106.0
OSS,2012,114177090351.25,11346082.0
PAK,2012,264876940258.885,207667125.0
PAN,2012,47623362260.1488,3759256.0
PER,2012,169620385179.423,29550366.0
PHL,2012,253818843989.004,100175512.0
PLW,2012,259543766.67708,17765.0
PNG,2012,17289980088.7062,8081390.0
POL,2012,439333996551.267,38063164.0
PRE,2012,1156660135539.2,798002725.0
PRI,2012,106055693105.528,3661045.0
PRT,2012,196414790526.28,10514844.0
PRY,2012,30842899501.4341,5897008.0
PSE,2012,12886900000.0,3979998.0
PSS,2012,8188085378.91257,2351924.0
PST,2012,42281722447109.9,1084193277.0
PYF,2012,5179978074.0569,273084.0
QAT,2012,138865975290.062,1722438.0
ROU,2012,165163587446.019,20058035.0
RUS,2012,1356935163515.02,143378447.0
RWA,2012,7059501492.72193,10829901.0
SAS,2012,1967949580150.21,1483553073.0
SAU,2012,618711318317.787,26168861.0
SDN,2012,47566600027.2224,36923178.0
SEN,2012,15361066998.8901,13310495.0
SGP,2012,274543305511.611,5312437.0
SLB,2012,1207965042.16349,573606.0
SLE,2012,6715143020.4477,6551080.0
SLV,2012,22019127752.9422,6113975.0
SMR,2012,1408461048.24799,33469.0
SOM,2012,4605859127.18469,12461160.0
SRB,2012,41331605760.2741,7201497.0
SSA,2012,1442181353557.42,849083240.0
SSD,2012,11500530835.4315,10756240.0
SSF,2012,1489570034685.01,944970310.0
SST,2012,182557806182.111,17926451.0
STP,2012,232194345.227845,189439.0
SUR,2012,5142988298.24504,562633.0
SVK,2012,81977043067.5237,5407579.0
SVN,2012,40926910455.6051,2057159.0
SWE,2012,464448264944.252,9519374.0
SWZ,2012,3617154618.7404,1123863.0
SXM,2012,1376368434.1966,35023.0
SYC,2012,1248162998.34204,88303.0
SYR,2012,25998267919.3561,22759763.0
TCA,2012,881607724.52549,32127.0
TCD,2012,13427942676.0538,13210998.0
TEA,2012,11046292574579.0,1981382735.0
TEC,2012,3389444270426.55,446941101.0
TGO,2012,4881723795.11932,7100736.0
THA,2012,375224234353.836,69436098.0
TJK,2012,6808117273.38834,8014084.0
TKM,2012,27654947984.1806,5808546.0
TLA,2012,4860475633400.02,584524334.0
TLS,2012,1440641467.25077,1134885.0
TMN,2012,1687967046453.96,597586990.0
TON,2012,422596497.997101,107460.0
TSA,2012,1967949580150.21,1483553073.0
TSS,2012,1489570034685.01,944970310.0
TTO,2012,25149270114.8924,1335194.0
TUN,2012,42938131960.3014,11009647.0
TUR,2012,720809935556.199,75175827.0
TUV,2012,31949982.2602472,10934.0
TZA,2012,39187673997.6272,47374260.0
UGA,2012,28279643267.7641,34337438.0
UKR,2012,112148546939.271,46210056.0
UMC,2012,17238840568780.2,2618393970.0
URY,2012,53197370201.0395,3335401.0
USA,2012,16892000920975.5,314339099.0
UZB,2012,70106848438.9456,29261903.0
VCT,2012,738391734.91399,108736.0
VEN,2012,137347654100.449,29553826.0
VIR,2012,3996266542.15582,108188.0
VNM,2012,199081239731.688,89510356.0
VUT,2012,709081226.945817,248883.0
WLD,2012,69114292959206.7,7176929184.0
WSM,2012,787546481.622133,196498.0
XKX,2012,5459962717.31459,1807126.0
YEM,2012,56340077330.5769,28433647.0
ZAF,2012,329233094599.263,53782567.0
ZMB,2012,18773117888.8094,14913629.0
ZWE,2012,18794430788.9262,13817887.0
ABW,2013,2819423912.92302,105675.0
AFE,2013,850712124050.048,575202699.0
AFG,2013,18360263162.7578,31622704.0
AFW,2013,715150723694.119,396030207.0
AGO,2013,97239220009.2494,26165620.0
ALB,2013,10974367815.094,2816902.0
AND,2013,2683236696.87851,75194.0
ARB,2013,2431985286196.13,390954281.0
ARE,2013,340898464870.844,7693031.0
ARG,2013,593858966307.156,42582455.0
ARM,2013,9870755064.25618,3022000.0
ASM,2013,641148091.603054,54006.0
ATG,2013,1386849062.30615,88064.0
AUS,2013,1294392358274.42,23128129.0
AUT,2013,371851835129.742,8479823.0
AZE,2013,51095520771.413,9416801.0
BDI,2013,2707037177.57679,10439341.0
BEL,2013,446464436962.24,11159407.0
BEN,2013,10520350021.8969,10708834.0
BFA,2013,10913490102.1529,17695409.0
BGD,2013,172679520662.469,156532141.0
BGR,2013,48636020141.1525,7160005.0
BHR,2013,30416985616.3829,1253191.0
BHS,2013,11508144415.7879,378953.0
BIH,2013,15551001102.6808,3610859.0
BLR,2013,57749323051.4988,9443211.0
BLZ,2013,2054230070.85013,341627.0
BMU,2013,6857116738.50431,63574.0
BOL,2013,29842021104.1397,10682608.0
BRA,2013,1859094274383.73,198478299.0
BRB,2013,5722566701.83324,277665.0
BRN,2013,13315162382.5279,411202.0
BTN,2013,1937258289.82484,725273.0
BWA,2013,13454136663.42,2140682.0
CAF,2013,1624016454.05115,4642419.0
CAN,2013,1503261570451.97,35080992.0
CEB,2013,1207831673046.38,103570062.0
CHE,2013,667208623614.234,8089346.0
CHI,2013,9832914292.38795,161777.0
CHL,2013,233163076995.037,17687006.0
CHN,2013,9812695262900.89,1363240000.0
CIV,2013,39077544167.6054,23939775.0
CMR,2013,28833560540.7901,21402376.0
COD,2013,35206198726.088,75789395.0
COG,2013,11611660392.4682,4857099.0
COL,2013,272793056063.57,46151584.0
COM,2013,935365362.167356,696192.0
CPV,2013,1721636311.15762,512225.0
CRI,2013,52590433317.5191,4716147.0
CSS,2013,61026828306.2418,4257682.0
CUB,2013,82564971264.2729,11298167.0
CUW,2013,3064361462.6739,153822.0
CYM,2013,4460060434.88737,58655.0
CYP,2013,19599191826.1408,1183895.0
CZE,2013,176216894659.909,10514272.0
DEU,2013,3297186905208.25,80645605.0
DJI,2013,2107658964.77279,984824.0
DMA,2013,589765106.18701,69715.0
DNK,2013,291810211099.295,5614932.0
DOM,2013,61927882062.5429,10193833.0
DZA,2013,174524584673.849,38414171.0
EAP,2013,11869153973185.1,2023850158.0
EAR,2013,9342685850949.64,3103677284.0
EAS,2013,20319287116134.3,2267072102.0
ECA,2013,1415528556452.15,235905150.0
ECS,2013,19802234975193.2,899907172.0
ECU,2013,93156490881.1886,15807128.0
EGY,2013,306628779736.183,95333553.0
EMU,2013,11415372093537.9,341639530.0
ESP,2013,1141735527746.35,46604197.0
EST,2013,22154913628.3244,1317997.0
ETH,2013,51023232360.2629,98438751.0
EUU,2013,13125534418029.3,442425741.0
FCS,2013,1454795042704.24,851404936.0
FIN,2013,233242909052.234,5438972.0
FJI,2013,4243031642.79505,916352.0
FRA,2013,2392826743357.49,65997932.0
FRO,2013,2418125853.51823,48246.0
FSM,2013,304890763.528582,108121.0
GAB,2013,13273296028.5793,1913059.0
GBR,2013,2795510733841.06,64139000.0
GEO,2013,14151325572.1376,3717668.0
GHA,2013,47065830437.531,27386193.0
GIN,2013,8168199850.29177,11191873.0
GMB,2013,1343336129.36544,2103820.0
GNB,2013,1075408772.95023,1695973.0
GNQ,2013,14447134439.884,1346218.0
GRC,2013,193479795684.276,10965211.0
GRD,2013,872573509.102323,113487.0
GRL,2013,2447881939.21831,56483.0
GTM,2013,57199419016.293,15387337.0
GUM,2013,5650199454.04914,165966.0
GUY,2013,4180123674.47048,750021.0
HIC,2013,47801625827230.5,1350149879.0
HKG,2013,294047609778.975,7178900.0
HND,2013,19604424966.4102,8889278.0
HPC,2013,609758270316.825,694622934.0
HRV,2013,50122079966.6919,4233922.0
HTI,2013,14233433330.5029,10222362.0
HUN,2013,115802945078.187,9872734.0
IBD,2013,23729799831382.0,4581958556.0
IBT,2013,25717215084593.2,6120456890.0
IDA,2013,1987415253211.12,1538498334.0
IDB,2013,1006261631489.93,544442648.0
IDN,2013,781691320690.699,255852467.0
IDX,2013,981153621721.187,994055686.0
IMN,2013,6763575613.59418,84141.0
IND,2013,1813453530766.63,1295829511.0
IRL,2013,221610413457.216,4623816.0
IRN,2013,395396833390.87,80414686.0
IRQ,2013,158939252263.834,35281989.0
ISL,2013,16737332122.853,323764.0
ISR,2013,286027695014.037,8059500.0
ITA,2013,1829252558793.34,60311613.0
JAM,2013,14725382395.3111,2783687.0
JOR,2013,36414839440.0743,7991809.0
JPN,2013,4363702302793.37,127445000.0
KAZ,2013,174857947143.911,17556502.0
KEN,2013,63608687382.8764,44986791.0
KGZ,2013,6180302892.03129,5777150.0
KHM,2013,20878690156.7817,15170208.0
KIR,2013,170016068.140692,113838.0
KNA,2013,883668355.018065,47069.0
KOR,2013,1448958816285.78,50428893.0
KWT,2013,113342578898.914,3507844.0
LAC,2013,4509928602568.04,540118712.0
LAO,2013,12497359667.4702,6611385.0
LBN,2013,48494923363.2625,5743436.0
LBR,2013,3205193907.94462,4470239.0
LBY,2013,63842648630.664,6304628.0
LCA,2013,1782131987.48386,173369.0
LCN,2013,5214701785543.5,606683307.0
LDC,2013,873965992002.325,918269633.0
LIC,2013,359133672362.077,465087882.0
LKA,2013,76760144811.4596,20585000.0
LMC,2013,4546814027269.77,2679816109.0
LMY,2013,23118775623916.7,5787391504.0
LSO,2013,2249719203.36981,2056504.0
LTE,2013,17049939684203.4,2225005187.0
LTU,2013,38928020774.4147,2961250.0
LUX,2013,57236974872.2606,543360.0
LVA,2013,24863312429.9055,2012647.0
MAC,2013,58630357383.3483,591900.0
MAR,2013,103015299181.348,33787571.0
MCO,2013,5571133210.81248,35447.0
MDA,2013,7451580071.77113,2859558.0
MDG,2013,10624353147.1587,24109290.0
MDV,2013,3685976098.72391,400070.0
MEA,2013,3357670897187.38,667464006.0
MEX,2013,1152513808584.62,118343573.0
MHL,2013,182600000.0,50681.0
MIC,2013,22762651060529.1,5322303622.0
MKD,2013,9351477059.69398,1922716.0
MLI,2013,13772483870.1848,17459615.0
MLT,2013,9611962674.48564,424810.0
MMR,2013,51503673422.1907,50262658.0
MNA,2013,1719861092899.15,613151287.0
MNE,2013,3821595609.09379,622587.0
MNG,2013,10520241544.9149,2899011.0
MNP,2013,844921212.121212,52758.0
MOZ,2013,14013719723.4859,25051611.0
MRT,2013,5612311839.16241,3734318.0
MUS,2013,11297000949.1216,1258927.0
MWI,2013,8490733601.03182,16161816.0
MYS,2013,270506469604.101,30174265.0
NAC,2013,18759863487808.0,351870848.0
NAM,2013,10247261642.7308,2252508.0
NER,2013,8698614858.59842,18519898.0
NGA,2013,451780110046.799,181049443.0
NIC,2013,11617373486.8649,5983845.0
NLD,2013,747579281182.565,16804432.0
NOR,2013,373433130118.312,5079623.0
NPL,2013,22100664484.6361,27589996.0
NRU,2013,70836425.608266,10517.0
NZL,2013,165546666710.166,4442100.0
OED,2013,45489519685742.0,1315427979.0
OMN,2013,73994291063.383,3833913.0
OSS,2013,115080993329.417,11466589.0
PAK,2013,276443758787.987,211073978.0
PAN,2013,50635232150.0252,3825329.0
PER,2013,179547449111.361,29817919.0
PHL,2013,270952964501.391,102076336.0
PLW,2013,252919480.330118,17648.0
PNG,2013,17951312547.2223,8302698.0
POL,2013,442340098156.254,38040196.0
PRE,2013,1225065337799.69,822138419.0
PRI,2013,105730285957.27,3631427.0
PRT,2013,194481859660.111,10457295.0
PRY,2013,33400724748.6301,5982445.0
PSE,2013,13492400000.0,4076708.0
PSS,2013,8453598218.8997,2382931.0
PST,2013,42924169840696.1,1088424167.0
PYF,2013,5200635899.8791,274728.0
QAT,2013,146581512800.909,1916426.0
ROU,2013,165624017079.639,19983693.0
RUS,2013,1380755103919.45,143805638.0
RWA,2013,7392699272.95995,11093340.0
SAS,2013,2090617095113.74,1501661991.0
SAU,2013,636936313349.28,27624004.0
SDN,2013,48496595854.7667,37785849.0
SEN,2013,15731635117.4164,13710849.0
SGP,2013,287769788882.221,5399162.0
SLB,2013,1271231571.58946,594945.0
SLE,2013,7699806185.67422,6714051.0
SLV,2013,22499794814.169,6138839.0
SMR,2013,1397419106.23211,33041.0
SOM,2013,5110628982.78701,12869594.0
SRB,2013,41518250531.7903,7166553.0
SSA,2013,1513575803729.66,872704206.0
SSD,2013,13010519613.8763,11166275.0
SSF,2013,1565862847744.17,971232906.0
SST,2013,184561419854.558,18107202.0
STP,2013,244081946.538405,193148.0
SUR,2013,5293854859.13611,569020.0
SVK,2013,82553606913.1151,5413393.0
SVN,2013,40589764218.782,2059953.0
SWE,2013,469732138276.917,9600379.0
SWZ,2013,3765262097.18702,1129990.0
SXM,2013,1394353867.67664,35854.0
SYC,2013,1263811654.24036,89949.0
SYR,2013,19160700666.0922,21666917.0
TCA,2013,891048689.69461,33653.0
TCD,2013,13809056592.5367,13691079.0
TEA,2013,11854581864466.1,1998548872.0
TEC,2013,3503005875715.34,449128604.0
TGO,2013,5166047627.07863,7285442.0
THA,2013,385308369004.167,69845114.0
TJK,2013,7311917934.39479,8216724.0
TKM,2013,30475752706.6088,5939341.0
TLA,2013,4996778708654.62,590809938.0
TLS,2013,1485364306.0252,1158695.0
TMN,2013,1706368692899.15,609074579.0
TON,2013,424261200.814283,107078.0
TSA,2013,2090617095113.74,1501661991.0
TSS,2013,1565862847744.17,971232906.0
TTO,2013,25996346049.5518,1340557.0
TUN,2013,43981498924.3673,11141361.0
TUR,2013,781994134596.37,76147624.0
TUV,2013,33339111.9237362,11001.0
TZA,2013,41845219654.6812,48824128.0
UGA,2013,29294007439.7726,35337042.0
UKR,2013,112199506223.487,46126770.0
UMC,2013,18215837033259.3,2642487513.0
URY,2013,55664418793.7377,3345337.0
USA,2013,17249744800617.5,316726282.0
UZB,2013,75222229947.9017,29724065.0
VCT,2013,756574514.514743,108135.0
VEN,2013,139192362251.361,29912198.0
VIR,2013,3745094983.99146,108041.0
VNM,2013,210137237901.389,90573104.0
VUT,2013,712367041.387007,254482.0
WLD,2013,71110411922590.2,7265892332.0
WSM,2013,788391466.046139,198268.0
XKX,2013,5751568358.0188,1818119.0
YEM,2013,59057651713.0868,29312952.0
ZAF,2013,337416077838.151,54678791.0
ZMB,2013,19722575262.7917,15398997.0
ZWE,2013,19168343271.8446,14013808.0
ABW,2014,2859631679.07374,106807.0
AFE,2014,884063354554.275,590968990.0
AFG,2014,18860496494.0404,32792523.0
AFW,2014,755853893343.008,406992047.0
AGO,2014,101766409287.849,27160769.0
ALB,2014,11220218560.8998,2773767.0
AND,2014,2750437434.80254,73737.0
ARB,2014,2496670071114.98,400231008.0
ARE,2014,356691886612.605,8059440.0
ARG,2014,578937574935.696,43024071.0
ARM,2014,10226102246.6276,3013800.0
ASM,2014,652450381.679389,53466.0
ATG,2014,1417336052.73314,88765.0
AUS,2014,1328061960035.21,23475686.0
AUT,2014,374662287024.534,8546356.0
AZE,2014,52524961505.7785,9535079.0
BDI,2014,2821948416.12645,10799785.0
BEL,2014,454346946885.841,11209057.0
BEN,2014,11189200116.267,11030004.0
BFA,2014,11385699970.03,18229461.0
BGD,2014,183145728910.398,157964929.0
BGR,2014,49097794392.256,7073572.0
BHR,2014,31727610007.9685,1314562.0
BHS,2014,11720696405.6022,382298.0
BIH,2014,15730436007.5757,3564829.0
BLR,2014,58702836389.8022,9448515.0
BLZ,2014,2134186060.0205,348923.0
BMU,2014,6603330213.03728,63529.0
BOL,2014,31471565408.6312,10848888.0
BRA,2014,1868463286696.58,200085127.0
BRB,2014,5765635622.77349,278348.0
BRN,2014,12981233119.3701,416750.0
BTN,2014,2051190106.33281,733139.0
BWA,2014,14220638232.789,2172044.0
CAF,2014,1625333052.55944,4623182.0
CAN,2014,1546457292263.22,35434066.0
CEB,2014,1247231293854.16,103280478.0
CHE,2014,682887235059.834,8188649.0
CHI,2014,10071569130.6786,162726.0
CHL,2014,237342873662.271,17864195.0
CHN,2014,10544908798424.0,1371860000.0
CIV,2014,42739891584.4862,24527395.0
CMR,2014,30482787768.4783,22059893.0
COD,2014,37777053057.3322,78403242.0
COG,2014,12383378937.2556,4975880.0
COL,2014,285066097496.814,46565429.0
COM,2014,955070416.212074,711503.0
CPV,2014,1733630380.4449,512326.0
CRI,2014,54453244250.7631,4767119.0
CSS,2014,62608336968.7629,4286546.0
CUB,2014,83429902609.353,11285775.0
CUW,2014,3044829273.42015,155909.0
CYM,2014,4578454046.88869,60160.0
CYP,2014,19251098679.0346,1201801.0
CZE,2014,180173337874.854,10525347.0
DEU,2014,3369071713224.27,80982500.0
DJI,2014,2259262606.11241,1002717.0
DMA,2014,603537403.687762,70373.0
DNK,2014,295539545106.694,5643475.0
DOM,2014,66331713896.7879,10315528.0
DZA,2014,181680092643.147,39205031.0
EAP,2014,12702721839397.1,2040383789.0
EAR,2014,9715058322940.37,3146800078.0
EAS,2014,21294278874206.2,2284385542.0
ECA,2014,1460578780394.74,237999321.0
ECS,2014,20184420384492.3,903561071.0
ECU,2014,97093344927.4784,16035124.0
EGY,2014,315569804751.572,97528654.0
EMU,2014,11581565694770.4,342228563.0
ESP,2014,1159095455877.44,46460733.0
EST,2014,22891074856.6938,1314545.0
ETH,2014,56256936828.9833,101115610.0
EUU,2014,13339837928675.8,442920819.0
FCS,2014,1479185547877.7,871345375.0
FIN,2014,232127848351.009,5461512.0
FJI,2014,4480790532.15798,917585.0
FRA,2014,2416703156974.4,66312067.0
FRO,2014,2549481885.27429,48428.0
FSM,2014,297006847.858934,108396.0
GAB,2014,13846034032.3711,1978399.0
GBR,2014,2883853723651.98,64620000.0
GEO,2014,14730184213.8494,3719414.0
GHA,2014,48410143589.6826,28041592.0
GIN,2014,8470141696.43118,11472924.0
GMB,2014,1324430251.83027,2164528.0
GNB,2014,1085781367.43837,1741122.0
GNQ,2014,14507099626.4903,1399828.0
GRC,2014,195012591113.587,10892413.0
GRD,2014,936638937.786048,114132.0
GRL,2014,2563963821.89127,56295.0
GTM,2014,59741348518.3759,15681725.0
GUM,2014,5751510464.05824,165486.0
GUY,2014,4250621228.25175,754229.0
HIC,2014,48832801009817.6,1357496263.0
HKG,2014,302170458556.299,7229500.0
HND,2014,20203944075.628,9063122.0
HPC,2014,643052921634.101,714769441.0
HRV,2014,49842552678.5614,4201598.0
HTI,2014,14644604839.5892,10373235.0
HUN,2014,120822254244.73,9833038.0
IBD,2014,24864162575362.4,4630607878.0
IBT,2014,26958413245522.4,6201607778.0
IDA,2014,2094250670159.99,1570999900.0
IDB,2014,1064078689916.68,555868551.0
IDN,2014,820828013230.588,258877399.0
IDX,2014,1030171980243.31,1015131349.0
IMN,2014,7112244689.05881,83892.0
IND,2014,1947834564908.95,1312277191.0
IRL,2014,242410308909.292,4657740.0
IRN,2014,415106476157.82,81502045.0
IRQ,2014,162537141323.775,36550059.0
ISL,2014,17057653878.2213,327386.0
ISR,2014,296827610046.146,8215700.0
ITA,2014,1829227175768.29,60320707.0
JAM,2014,14826961375.6345,2793749.0
JOR,2014,37647146046.4738,8791710.0
JPN,2014,4376627829634.98,127276000.0
KAZ,2014,182201980933.864,17816285.0
KEN,2014,66801914096.6185,46051440.0
KGZ,2014,6429000667.90909,5905848.0
KHM,2014,22549052336.9265,15396772.0
KIR,2014,172164497.744547,115326.0
KNA,2014,950623606.036342,47089.0
KOR,2014,1495538208413.16,50746659.0
KWT,2014,113910328503.346,3665876.0
LAC,2014,4567191313070.12,545661592.0
LAO,2014,13448654116.2974,6703172.0
LBN,2014,49699566407.4833,6346990.0
LBR,2014,3227674916.86578,4564293.0
LBY,2014,49131511071.1064,6427252.0
LCA,2014,1805800308.13675,174138.0
LCN,2014,5277043973631.76,612849401.0
LDC,2014,920718822831.589,940284138.0
LIC,2014,369403058809.724,476470767.0
LKA,2014,81655890649.0473,20778000.0
LMC,2014,4825018099553.81,2723061855.0
LMY,2014,24315845350060.5,5865202078.0
LSO,2014,2288201773.07605,2080089.0
LTE,2014,17952056166820.8,2241122152.0
LTU,2014,40396597406.9714,2937253.0
LUX,2014,58738350400.0169,556319.0
LVA,2014,25384188823.064,1993782.0
MAC,2014,57435035498.6827,621700.0
MAR,2014,105816536606.04,34204780.0
MCO,2014,5971532102.07698,36128.0
MDA,2014,7824131195.57662,2857815.0
MDG,2014,10979121878.0735,24764348.0
MDV,2014,3975719121.76918,413617.0
MEA,2014,3462499541386.26,680716578.0
MEX,2014,1181370028689.69,119784261.0
MHL,2014,180300000.0,49796.0
MIC,2014,23949189534371.6,5388731311.0
MKD,2014,9690853712.45803,1917557.0
MLI,2014,14668058747.8609,18020267.0
MLT,2014,10345486496.085,433481.0
MMR,2014,55711475877.0092,50681634.0
MNA,2014,1761074556160.57,624564062.0
MNE,2014,3912179230.87999,623744.0
MNG,2014,11349786311.9875,2963113.0
MNP,2014,880218181.818182,52178.0
MOZ,2014,15093136077.3533,25788475.0
MRT,2014,5852228252.66622,3848514.0
MUS,2014,11729333766.0201,1261208.0
MWI,2014,8968360291.15986,16621538.0
MYS,2014,286755041078.03,30696137.0
NAC,2014,19238157900174.0,354755155.0
NAM,2014,10871578021.6669,2312139.0
NER,2014,9276388744.59484,19215909.0
NGA,2014,480286163931.15,185896915.0
NIC,2014,12173318263.9174,6066492.0
NLD,2014,759634819525.581,16865008.0
NOR,2014,381081533571.259,5137232.0
NPL,2014,23429242138.2095,27672370.0
NRU,2014,82058037.5858134,10742.0
NZL,2014,171881119396.758,4516500.0
OED,2014,46480435658263.3,1323459714.0
OMN,2014,74950483987.1606,4002439.0
OSS,2014,117496288016.57,11591200.0
PAK,2014,287823367553.405,214264647.0
PAN,2014,52977523729.7984,3892101.0
PER,2014,183824551906.256,30115826.0
PHL,2014,288153024771.696,103767130.0
PLW,2014,265990771.287714,17715.0
PNG,2014,20382597142.1943,8523441.0
POL,2014,459682079851.439,38011735.0
PRE,2014,1288437085248.35,846420736.0
PRI,2014,104471711252.84,3585017.0
PRT,2014,195923731482.461,10401062.0
PRY,2014,35171376876.6336,6069811.0
PSE,2014,13471100000.0,4173398.0
PSS,2014,8755277908.84133,2414338.0
PST,2014,43789112896671.0,1093025476.0
PYF,2014,5231504505.84414,276387.0
QAT,2014,154400671412.79,2151745.0
ROU,2014,172441103432.375,19908979.0
RUS,2014,1390921151162.46,144237223.0
RWA,2014,7848619320.21664,11364757.0
SAS,2014,2242092335834.7,1519839246.0
SAU,2014,662570908159.594,28309273.0
SDN,2014,50757206252.6521,38823318.0
SEN,2014,16710783797.4248,14152102.0
SGP,2014,299095084828.978,5469724.0
SLB,2014,1286352300.29305,616908.0
SLE,2014,7098065167.70102,6876385.0
SLV,2014,22888906230.2134,6162955.0
SMR,2014,1387604046.66243,32655.0
SOM,2014,5569461554.68169,13339491.0
SRB,2014,40769149019.8676,7131787.0
SSA,2014,1582345142003.34,896754068.0
SSD,2014,13449448810.7001,11235073.0
SSF,2014,1639917247897.28,997961037.0
SST,2014,188859902894.174,18292084.0
STP,2014,256057120.595489,196767.0
SUR,2014,5307380818.79212,575373.0
SVK,2014,84789118561.7889,5418649.0
SVN,2014,41711191731.4298,2061980.0
SWE,2014,480516119003.081,9696110.0
SWZ,2014,3842727914.01316,1136299.0
SXM,2014,1416389988.22102,36672.0
SYC,2014,1315169064.95728,91359.0
SYR,2014,17185167298.4619,20273659.0
TCA,2014,968670576.849373,35050.0
TCD,2014,14093914057.3116,14188678.0
TEA,2014,12687127890544.2,2014960984.0
TEC,2014,3582563461911.83,451432428.0
TGO,2014,5457063353.66745,7472450.0
THA,2014,389101609925.933,70216367.0
TJK,2014,7801816486.46336,8425552.0
TKM,2014,33614755226.4132,6075283.0
TLA,2014,5059108853173.81,597023419.0
TLS,2014,1551797213.16557,1181903.0
TMN,2014,1747603456160.57,620390664.0
TON,2014,432706273.832264,106609.0
TSA,2014,2242092335834.7,1519839246.0
TSS,2014,1639917247897.28,997961037.0
TTO,2014,26950637730.5197,1345343.0
TUN,2014,45340671513.9524,11274288.0
TUR,2014,817972077517.761,77181884.0
TUV,2014,33339111.9237362,10984.0
TZA,2014,44662433111.6494,50351512.0
UGA,2014,30789849487.5724,36395539.0
UKR,2014,100891035818.548,45972380.0
UMC,2014,19124171434817.8,2665669456.0
URY,2014,57467273107.5946,3356334.0
USA,2014,17685097277697.8,319257560.0
UZB,2014,80392884506.0999,30222994.0
VCT,2014,765242794.423219,107535.0
VEN,2014,133771673722.298,30254079.0
VIR,2014,3678637139.8079,107882.0
VNM,2014,223632762207.56,91679578.0
VUT,2014,730710779.902669,260240.0
WLD,2014,73338313563659.0,7354068030.0
WSM,2014,793594248.721633,200037.0
XKX,2014,5944177154.36536,1812788.0
YEM,2014,58946215687.1767,30226309.0
ZAF,2014,342186555600.731,55594838.0
ZMB,2014,20648211567.0616,15895315.0
ZWE,2014,19623972034.3634,14207359.0
ABW,2015,2962906703.91061,107906.0
AFE,2015,910002035578.038,607123269.0
AFG,2015,19134221644.7325,33831764.0
AFW,2015,778022057597.448,418127845.0
AGO,2015,102543067840.732,28157798.0
ALB,2015,11470171826.9575,2731293.0
AND,2015,2789882569.1005,72174.0
ARB,2015,2580328583417.41,410190679.0
ARE,2015,381973042886.317,8505237.0
ARG,2015,594749285413.212,43477012.0
ARM,2015,10553337518.414,3004600.0
ASM,2015,673000000.0,52878.0
ATG,2015,1437485185.18519,89409.0
AUS,2015,1356805839935.9,23815995.0
AUT,2015,379546097300.633,8642699.0
AZE,2015,53076235354.746,9649341.0
BDI,2015,2810532912.49975,11047580.0
BEL,2015,461044767544.531,11274196.0
BEN,2015,11388160996.7738,11360681.0
BFA,2015,11832159315.6298,18777487.0
BGD,2015,195146608978.131,159383179.0
BGR,2015,50765918159.1476,6984225.0
BHR,2015,32523297872.3404,1370322.0
BHS,2015,11837600000.0,385346.0
BIH,2015,16404348361.0926,3518541.0
BLR,2015,56454769844.7632,9461076.0
BLZ,2015,2193095150.0,356333.0
BMU,2015,6654541000.0,63464.0
BOL,2015,33000198248.9146,11014705.0
BRA,2015,1802211999456.42,201675532.0
BRB,2015,5698150000.0,278990.0
BRN,2015,12930296870.1247,422212.0
BTN,2015,2187815803.36833,740618.0
BWA,2015,13530748844.505,2203273.0
CAF,2015,1695825714.19282,4629320.0
CAN,2015,1556508816217.14,35704498.0
CEB,2015,1297141271990.05,102973167.0
CHE,2015,694118186379.628,8282396.0
CHI,2015,10109273770.329,163454.0
CHL,2015,242450355830.884,18047625.0
CHN,2015,11280814787468.9,1379860000.0
CIV,2015,45815005169.2651,25246342.0
CMR,2015,32210233020.4569,22763414.0
COD,2015,40179574490.3032,81035531.0
COG,2015,12434793867.3568,5097581.0
COL,2015,293492370193.166,46969940.0
COM,2015,966029600.862227,726682.0
CPV,2015,1749857620.35329,512394.0
CRI,2015,56441920820.5194,4818038.0
CSS,2015,62545153672.0285,4314191.0
CUB,2015,87132800000.0,11275065.0
CUW,2015,3058779211.89831,157980.0
CYM,2015,4708167255.28727,61642.0
CYP,2015,19909278416.8575,1219502.0
CZE,2015,189107698561.919,10546059.0
DEU,2015,3425099578746.09,81686611.0
DJI,2015,2424391785.43897,1020313.0
DMA,2015,583177777.777778,70410.0
DNK,2015,301758922337.637,5683483.0
DOM,2015,70966782572.4386,10434829.0
DZA,2015,187493855609.345,40019529.0
EAP,2015,13548904084321.4,2056050896.0
EAR,2015,10127250782286.2,3190318707.0
EAS,2015,22299105656919.6,2300844269.0
ECA,2015,1510474002479.16,240083379.0
ECS,2015,20603435735279.5,907527486.0
ECU,2015,97209558000.0,16266225.0
EGY,2015,329366576819.407,99597342.0
EMU,2015,11829834353286.1,343180482.0
ESP,2015,1206164777553.12,46422303.0
EST,2015,23311847750.9394,1315407.0
ETH,2015,62103418181.8182,103867135.0
EUU,2015,13656252620703.3,443793218.0
FCS,2015,1481660318787.67,890869511.0
FIN,2015,233210733506.25,5479531.0
FJI,2015,4682479893.97558,918578.0
FRA,2015,2442483452642.5,66548272.0
FRO,2015,2573905971.05459,48899.0
FSM,2015,310175057.802073,108716.0
GAB,2015,14383107762.6952,2040989.0
GBR,2015,2945579890258.46,65088000.0
GEO,2015,15223796148.8396,3725276.0
GHA,2015,49436806230.4839,28696068.0
GIN,2015,8794201742.84609,11767070.0
GMB,2015,1378176608.93204,2224529.0
GNB,2015,1152384166.79638,1786457.0
GNQ,2015,13185496881.0174,1453923.0
GRC,2015,194567373678.099,10820883.0
GRD,2015,997007407.407407,114676.0
GRL,2015,2499113022.81675,56114.0
GTM,2015,62186066547.6566,15971743.0
GUM,2015,5799000000.0,164905.0
GUY,2015,4279840193.7046,758781.0
HIC,2015,49977567874625.5,1366013614.0
HKG,2015,309385622601.348,7291300.0
HND,2015,20979791685.416,9237305.0
HPC,2015,674606540074.897,735429414.0
HRV,2015,50998893384.8289,4151725.0
HTI,2015,14849629308.6025,10523242.0
HUN,2015,125244126623.289,9797755.0
IBD,2015,25937609442668.8,4676773551.0
IBT,2015,28103757036548.0,6280961830.0
IDA,2015,2166147593879.17,1604188279.0
IDB,2015,1104888256132.44,567234056.0
IDN,2015,860854232686.214,261799249.0
IDX,2015,1061259337746.73,1036954223.0
IMN,2015,7084800892.22284,83593.0
IND,2015,2103588360044.94,1328024498.0
IRL,2015,302101388556.271,4701957.0
IRN,2015,409191686496.677,82619362.0
IRQ,2015,166774104959.102,37560535.0
ISL,2015,17700486957.1907,330815.0
ISR,2015,303469434072.296,8380100.0
ITA,2015,1845428048839.1,60229605.0
JAM,2015,14963589915.5912,2802534.0
JOR,2015,38587017887.3239,9544729.0
JPN,2015,4444930651964.18,127141000.0
KAZ,2015,184388404706.042,18084169.0
KEN,2015,70120446896.8359,47088526.0
KGZ,2015,6678177511.66313,6040036.0
KHM,2015,24174170369.0738,15623251.0
KIR,2015,191559398.688293,116815.0
KNA,2015,957222222.222222,47087.0
KOR,2015,1539212301135.55,51014947.0
KWT,2015,114585555688.511,3834574.0
LAC,2015,4578739613722.79,551075145.0
LAO,2015,14426380125.6488,6801645.0
LBN,2015,49929337836.8159,6472469.0
LBR,2015,3227075700.0,4659431.0
LBY,2015,48717501321.3052,6531819.0
LCA,2015,1807640740.74074,174905.0
LCN,2015,5289615626446.62,618868462.0
LDC,2015,946044369982.556,962508256.0
LIC,2015,361782469708.524,488308267.0
LIE,2015,6268515276.17441,37494.0
LKA,2015,85090301052.0465,20970000.0
LMC,2015,5110516313268.72,2765011526.0
LMY,2015,25457289049147.5,5941222744.0
LSO,2015,2359686724.53829,2104611.0
LTE,2015,18797219107172.1,2256126712.0
LTU,2015,41540954817.2039,2911109.0
LUX,2015,60071584216.1375,569604.0
LVA,2015,26344565876.8902,1977527.0
MAC,2015,44940613353.1038,642900.0
MAR,2015,110413823841.592,34607588.0
MCO,2015,6264756528.37691,36757.0
MDA,2015,7797667196.73087,2835978.0
MDG,2015,11323020701.3017,25426702.0
MDV,2015,4129505319.12921,428154.0
MEA,2015,3558416509933.66,694232973.0
MEX,2015,1213294467716.88,121072306.0
MHL,2015,183700000.0,48800.0
MIC,2015,25097130636126.9,5452914477.0
MKD,2015,10064519962.5655,1912430.0
MLI,2015,15583181170.4105,18593022.0
MLT,2015,11340795042.0881,444220.0
MMR,2015,59607290408.4359,51089056.0
MNA,2015,1780659355969.3,635352686.0
MNE,2015,4010885990.83986,624651.0
MNG,2015,11619892590.6941,3026864.0
MNP,2015,910000000.0,51514.0
MOZ,2015,16208985769.615,26547572.0
MRT,2015,6166863896.68677,3965959.0
MUS,2015,12162211503.0793,1262879.0
MWI,2015,9219474379.31534,17085587.0
MYS,2015,301355266964.947,31232798.0
NAC,2015,19769184098217.1,357583083.0
NAM,2015,11335161083.5061,2374300.0
NCL,2015,8738203074.3957,283168.0
NER,2015,9683867926.44282,19939498.0
NGA,2015,493026682800.63,190671878.0
NIC,2015,12756696261.0676,6149417.0
NLD,2015,775743675302.734,16939923.0
NOR,2015,388159512245.53,5188607.0
NPL,2015,24360801286.7638,27823629.0
NRU,2015,84863440.5801997,10954.0
NZL,2015,178224167087.99,4609400.0
OED,2015,47647221796959.1,1331675197.0
OMN,2015,78710793237.9714,4184895.0
OSS,2015,121433707011.691,11722398.0
PAK,2015,299963590534.773,217290883.0
PAN,2015,55767806073.1781,3960035.0
PER,2015,189802976285.619,30457600.0
PHL,2015,306445871242.322,105312992.0
PLW,2015,287057525.634766,17770.0
PNG,2015,21723437010.0982,8743246.0
POL,2015,480054118583.367,37986412.0
PRE,2015,1327634282632.05,870587800.0
PRI,2015,103375500000.0,3535167.0
PRT,2015,199038523119.639,10358076.0
PRY,2015,36211447840.1027,6159103.0
PSE,2015,13972400000.0,4270092.0
PSS,2015,9105865614.90318,2445989.0
PST,2015,44767511150189.7,1097890139.0
PYF,2015,5325846361.81186,277866.0
QAT,2015,161739835164.835,2344557.0
ROU,2015,177885131240.315,19815616.0
RUS,2015,1363482182197.71,144640716.0
RWA,2015,8543760199.80208,11640022.0
SAS,2015,2414503392484.38,1537370078.0
SAU,2015,693414400000.0,29816382.0
SDN,2015,51726758676.7677,40024431.0
SEN,2015,17774766696.1759,14593331.0
SGP,2015,307998545269.398,5535002.0
SLB,2015,1307908813.59962,639415.0
SLE,2015,6788352974.78329,7037655.0
SLV,2015,23438240000.0,6183676.0
SMR,2015,1419401070.56043,32897.0
SOM,2015,6152149099.99942,13806963.0
SRB,2015,41297410634.9586,7095383.0
SSA,2015,1624488271641.54,921290560.0
SSD,2015,11997800760.2242,11107561.0
SSF,2015,1688024093175.49,1025251114.0
SST,2015,193084726298.623,18482578.0
STP,2015,259999643.047388,200291.0
SUR,2015,5126237646.22072,581627.0
SVK,2015,89178548717.3324,5423801.0
SVN,2015,42709468274.8137,2063531.0
SWE,2015,501602351911.6,9799186.0
SWZ,2015,3908217914.21824,1142813.0
SXM,2015,1417888715.0838,37471.0
SYC,2015,1432403352.12944,93419.0
SYR,2015,16466863117.0009,19424618.0
TCA,2015,1078274000.0,36605.0
TCD,2015,14559599499.5011,14647621.0
TEA,2015,13532272043462.5,2030504270.0
TEC,2015,3633660246044.52,453662073.0
TGO,2015,5755457836.01866,7663195.0
THA,2015,401296238228.084,70540795.0
TJK,2015,8271431485.07484,8643840.0
TKM,2015,35799714285.7143,6215770.0
TLA,2015,5068610305411.75,603091701.0
TLS,2015,1590282371.46446,1205131.0
TMN,2015,1766686955969.3,631082594.0
TON,2015,437525514.240726,106095.0
TSA,2015,2414503392484.38,1537370078.0
TSS,2015,1688024093175.49,1025251114.0
TTO,2015,26841141793.2143,1349667.0
TUN,2015,45779494041.9295,11402264.0
TUR,2015,865460050683.656,78218479.0
TUV,2015,36811936.0824587,10963.0
TZA,2015,47413919817.124,52020962.0
UGA,2015,32387183730.1002,37531446.0
UKR,2015,91030967789.0717,45784896.0
UMC,2015,19986614322858.2,2687902951.0
URY,2015,57680327998.6689,3368017.0
USA,2015,18206020741000.0,321815121.0
UZB,2015,86196264755.3105,30749346.0
VCT,2015,786555555.555555,106960.0
VEN,2015,125449241571.391,30573972.0
VIR,2015,3663000000.0,107712.0
VNM,2015,239258328381.741,92823254.0
VUT,2015,759690180.951654,266101.0
WLD,2015,75621913961646.1,7441677465.0
WSM,2015,824150498.653536,201782.0
XKX,2015,6295848422.71573,1788274.0
YEM,2015,42444490073.8555,31159379.0
ZAF,2015,346709790458.563,56723537.0
ZMB,2015,21251216798.7762,16399089.0
ZWE,2015,19973250000.0,14399013.0
ABW,2016,2999478909.44476,108727.0
AFE,2016,929386143911.422,623369401.0
AFG,2016,19566715174.1633,34700612.0
AFW,2016,779533882699.891,429454743.0
AGO,2016,100799291837.039,29183070.0
ALB,2016,11918533446.9749,2689469.0
AND,2016,2893378230.93931,72181.0
ARB,2016,2672520324881.52,419808341.0
ARE,2016,403584822847.176,8935095.0
ARG,2016,582376550428.09,43900313.0
ARM,2016,10574444193.4325,2992300.0
ASM,2016,661697709.923664,52245.0
ATG,2016,1496714858.20258,89969.0
AUS,2016,1394194533274.64,24190907.0
AUT,2016,387581921834.297,8736668.0
AZE,2016,51450192645.6866,9757812.0
BDI,2016,2900474875.87058,11239451.0
BEL,2016,466547349432.055,11331422.0
BEN,2016,11768488383.3269,11697842.0
BFA,2016,12537116611.6541,19334856.0
BGD,2016,209028320490.615,160811932.0
BGR,2016,52302413861.9149,6894139.0
BHR,2016,33764059498.7261,1423726.0
BHS,2016,11700697195.6515,388055.0
BIH,2016,16936219694.6475,3473003.0
BLR,2016,55028470318.3987,9469379.0
BLZ,2016,2192684131.16429,364705.0
BMU,2016,6610806937.02849,63449.0
BOL,2016,34407300587.1524,11180020.0
BRA,2016,1743173031878.48,203218114.0
BRB,2016,5783423169.47156,279598.0
BRN,2016,12609894752.9469,427564.0
BTN,2016,2373253832.39027,747866.0
BWA,2016,14505561464.3559,2234776.0
CAF,2016,1776382808.69192,4713663.0
CAN,2016,1572673952924.25,36110803.0
CEB,2016,1333555422930.14,102647939.0
CHE,2016,708477337740.424,8373338.0
CHI,2016,10231901695.1297,163883.0
CHL,2016,246700604515.86,18267221.0
CHN,2016,12045152668727.3,1387790000.0
CIV,2016,49101205368.91,25989405.0
CMR,2016,33671222913.4548,23454161.0
COD,2016,40337814832.805,83956415.0
COG,2016,11354801748.8219,5222536.0
COL,2016,299618678572.191,47437512.0
COM,2016,998105646.566284,741741.0
CPV,2016,1824764034.95256,512554.0
CRI,2016,58814921621.3159,4866998.0
CSS,2016,60618638463.2637,4341333.0
CUB,2016,87579654548.8907,11265612.0
CUW,2016,3026120390.73989,159664.0
CYM,2016,4860710632.08443,63100.0
CYP,2016,21218032913.0554,1237112.0
CZE,2016,193988322685.058,10566332.0
DEU,2016,3501212900675.89,82348669.0
DJI,2016,2597091693.86547,1037653.0
DMA,2016,591617792.302106,69606.0
DNK,2016,311032111297.516,5728010.0
DOM,2016,75735566406.0476,10551430.0
DZA,2016,194806115978.439,40850721.0
EAP,2016,14430950020555.9,2071486140.0
EAR,2016,10546143046662.4,3233033717.0
EAS,2016,23337269224240.7,2317076058.0
ECA,2016,1552523084471.7,242224182.0
ECS,2016,20996048787987.1,911579016.0
ECU,2016,96540800718.3398,16505139.0
EGY,2016,343682967575.512,101644589.0
EMU,2016,12042958416439.4,344132977.0
ESP,2016,1241326362266.48,46458139.0
EST,2016,24032887679.5037,1315790.0
ETH,2016,67961933367.1549,106718162.0
EUU,2016,13918449980505.1,444676652.0
FCS,2016,1488686314256.65,910836458.0
FIN,2016,239208760000.401,5495303.0
FJI,2016,4796997047.63002,919166.0
FRA,2016,2463489569347.31,66724104.0
FRO,2016,2609591837.86672,49464.0
FSM,2016,313099160.149974,109075.0
GAB,2016,14683922149.3088,2100306.0
GBR,2016,3010574705731.3,65607000.0
GEO,2016,15749049874.5344,3727505.0
GHA,2016,51104539956.3997,29356742.0
GIN,2016,9745789528.35549,12073030.0
GMB,2016,1404959537.12175,2283769.0
GNB,2016,1214989490.95557,1831893.0
GNQ,2016,12023008461.8485,1508186.0
GRC,2016,194505511433.343,10775971.0
GRD,2016,1034291535.85512,115130.0
GRL,2016,2616120347.69515,56186.0
GTM,2016,63851286764.0999,16268760.0
GUM,2016,5809553230.20928,164233.0
GUY,2016,4442793237.23993,763548.0
HIC,2016,50900199458472.8,1374284415.0
HKG,2016,316116086739.67,7336600.0
HND,2016,21796529142.7732,9412380.0
HPC,2016,703784811237.404,756895035.0
HRV,2016,52766750207.3137,4106867.0
HTI,2016,15118774099.5928,10671457.0
HUN,2016,128298381762.592,9759755.0
IBD,2016,27089852462260.9,4721566970.0
IBT,2016,29325635354469.5,6360153661.0
IDA,2016,2235782892208.55,1638586691.0
IDB,2016,1129954972953.62,578463670.0
IDN,2016,904181621780.388,264627418.0
IDX,2016,1105827919254.93,1060123021.0
IMN,2016,7577357706.49841,83466.0
IND,2016,2277267041550.36,1343944296.0
IRL,2016,305795232417.145,4762722.0
IRN,2016,445262288195.34,83812228.0
IRQ,2016,189767872908.426,38469627.0
ISL,2016,18801118749.2807,335439.0
ISR,2016,317003511449.31,8546000.0
ITA,2016,1868241619489.51,60115223.0
JAM,2016,15376650479.9803,2809915.0
JOR,2016,39356512808.3494,10006367.0
JPN,2016,4478437728050.46,127076000.0
KAZ,2016,186416677156.152,18363600.0
KEN,2016,73074983895.0953,48139687.0
KGZ,2016,6967733666.77765,6175338.0
KHM,2016,26085259688.3373,15852803.0
KIR,2016,205137185.569867,118478.0
KNA,2016,994866931.117104,47075.0
KOR,2016,1588028842393.05,51217803.0
KWT,2016,117938415952.58,4004096.0
LAC,2016,4554192310230.58,556440282.0
LAO,2016,15439521179.3987,6908802.0
LBN,2016,50705514062.8608,6323060.0
LBR,2016,3176896008.31,4755608.0
LBY,2016,47991152062.8031,6632126.0
LCA,2016,1869604354.17882,175646.0
LCN,2016,5251012055327.77,624737786.0
LDC,2016,980640358081.515,985414939.0
LIC,2016,363606130568.343,501149314.0
LKA,2016,89390445684.9413,21209000.0
LMC,2016,5401054366716.78,2806590212.0
LMY,2016,26662919121115.7,6017111688.0
LSO,2016,2444845631.39553,2130422.0
LTE,2016,19633870609487.4,2270841806.0
LTU,2016,42650896790.5078,2877325.0
LUX,2016,63062061883.63,582014.0
LVA,2016,27016796481.3321,1959537.0
MAC,2016,44625350360.8479,652500.0
MAR,2016,110989284688.174,35023457.0
MCO,2016,6453228194.42908,37276.0
MDA,2016,8159947934.63828,2803186.0
MDG,2016,11775165456.5346,26099952.0
MDV,2016,4392772972.49748,443308.0
MEA,2016,3718490694026.79,707023525.0
MEX,2016,1234800030119.7,122251351.0
MHL,2016,188300000.0,47709.0
MIC,2016,26300245956034.1,5515962374.0
MKD,2016,10351178142.8536,1906313.0
MLI,2016,16518961030.4362,19191289.0
MLT,2016,11803273067.5598,454505.0
MMR,2016,63101751664.1065,51495696.0
MNA,2016,1879787514063.38,645837915.0
MNE,2016,4148832618.17872,625353.0
MNG,2016,11793003947.8926,3088856.0
MNP,2016,1175830303.0303,50773.0
MOZ,2016,16970320249.5828,27337105.0
MRT,2016,6244622452.80308,4086657.0
MUS,2016,12631973062.5133,1263747.0
MWI,2016,9449961238.71922,17557739.0
MYS,2016,314764917575.088,31789685.0
NAC,2016,20116555214296.8,360527592.0
NAM,2016,11338991738.8743,2439213.0
NER,2016,10239808436.9433,20685753.0
NGA,2016,485055087455.821,195443700.0
NIC,2016,13338803114.2245,6232666.0
NLD,2016,794549918521.022,17030314.0
NOR,2016,392680500171.757,5234519.0
NPL,2016,24466311259.2881,27955462.0
NRU,2016,88370194.3231835,11150.0
NZL,2016,184959455627.068,4714100.0
OED,2016,48534648404056.1,1340142055.0
OMN,2016,82682873555.7961,4390877.0
OSS,2016,126425739852.236,11851918.0
PAK,2016,319682711890.74,220138869.0
PAN,2016,58317491742.8782,4029086.0
PER,2016,197306492869.139,30866494.0
PHL,2016,328355086268.976,106735719.0
PLW,2016,290866364.105097,17797.0
PNG,2016,22915960976.066,8961718.0
POL,2016,494605411858.337,37970087.0
PRE,2016,1359301368315.76,895239872.0
PRI,2016,102069149649.478,3480432.0
PRT,2016,203027536357.754,10325452.0
PRY,2016,37756961788.4736,6249126.0
PSE,2016,15211000000.0,4367088.0
PSS,2016,9444252508.9363,2477794.0
PST,2016,45579550988092.5,1102966925.0
PYF,2016,5448457902.84308,279178.0
QAT,2016,166695713593.11,2477113.0
ROU,2016,182972525962.275,19702267.0
RUS,2016,1366123111808.03,145015460.0
RWA,2016,9053886356.47148,11919183.0
SAS,2016,2606918145790.09,1555111864.0
SAU,2016,705230509999.152,30954198.0
SDN,2016,53520457581.1072,41259892.0
SEN,2016,18904543055.8656,15034521.0
SGP,2016,319541032495.045,5607283.0
SLB,2016,1380562408.99877,662379.0
SLE,2016,7225348888.80731,7205328.0
SLV,2016,24033351541.724,6200800.0
SMR,2016,1452677592.44342,33101.0
SOM,2016,6584944951.37229,14348740.0
SRB,2016,42526090399.794,7058322.0
SSA,2016,1639352118025.57,946011305.0
SSF,2016,1708920026611.31,1052824144.0
SST,2016,196488630824.436,18671045.0
STP,2016,273459368.754364,203689.0
SUR,2016,4874454256.1508,587757.0
SVK,2016,90915584911.6973,5430798.0
SVN,2016,44005450729.606,2065042.0
SWE,2016,512292396637.964,9923085.0
SWZ,2016,4023477834.54531,1149507.0
SXM,2016,1431610451.70303,38249.0
SYC,2016,1605975218.58763,94677.0
SYR,2016,15412063258.1149,19193834.0
TCA,2016,1156461656.30247,38315.0
TCD,2016,13959379525.7795,15114655.0
TEA,2016,14413218321962.5,2045816761.0
TEC,2016,3701293298169.56,455913002.0
TGO,2016,5998044851.32381,7858289.0
THA,2016,415081396923.293,70859841.0
TJK,2016,8842160257.54501,8865631.0
TKM,2016,38019296559.4106,6360041.0
TLA,2016,5030709047872.65,609017063.0
TLS,2016,1638148814.59482,1228312.0
TMN,2016,1864576514063.38,641470827.0
TON,2016,466396529.430219,105524.0
TSA,2016,2606918145790.09,1555111864.0
TSS,2016,1708920026611.31,1052824144.0
TTO,2016,24818295899.8941,1353895.0
TUN,2016,46290957182.3198,11528674.0
TUR,2016,894225044186.927,79277962.0
TUV,2016,38895630.5776922,10930.0
TZA,2016,50669888784.2555,53824013.0
UGA,2016,33935615078.9833,38799152.0
UKR,2016,93253017277.0895,45616832.0
UMC,2016,20899191589317.3,2709372162.0
URY,2016,58655009160.0858,3379283.0
USA,2016,18537270454435.6,324353340.0
UZB,2016,91309557164.505,31284568.0
VCT,2016,819195102.035842,106349.0
VEN,2016,104072271054.897,30765720.0
VIR,2016,3721639274.27962,107516.0
VNM,2016,255264731908.124,94000117.0
VUT,2016,786063165.282252,272087.0
WLD,2016,77734481755129.3,7528879985.0
WSM,2016,889949544.378272,203499.0
XKX,2016,6646638934.14947,1777568.0
YEM,2016,38465266584.2701,32109010.0
ZAF,2016,349013858372.625,57259551.0
ZMB,2016,22049221308.1088,16914423.0
ZWE,2016,20124206636.7998,14600294.0
ABW,2017,3104263601.09893,108735.0
AFE,2017,954270680011.48,640058741.0
AFG,2017,20084646751.4954,35688935.0
AFW,2017,797434700175.353,440882906.0
AGO,2017,100648701499.631,30234839.0
ALB,2017,12309839868.7084,2648285.0
AND,2017,2903391399.65727,73763.0
ARB,2017,2708038387311.84,428315886.0
ARE,2017,399301267917.2,9223225.0
ARG,2017,598790850843.677,44288894.0
ARM,2017,11367527508.1135,2979400.0
ASM,2017,615461068.70229,51586.0
ATG,2017,1537316639.9839,90468.0
AUS,2017,1426167740135.16,24592588.0
AUT,2017,396388751744.592,8797566.0
AZE,2017,51529227685.0867,9854033.0
BDI,2017,3011616941.94606,11506762.0
BEL,2017,473426439010.72,11375158.0
BEN,2017,12435945492.7429,12039780.0
BFA,2017,13314855313.1302,19894407.0
BGD,2017,222803809377.443,162186147.0
BGR,2017,53738599840.5621,6803468.0
BHR,2017,35436675410.8102,1501116.0
BHS,2017,12095174365.8385,390485.0
BIH,2017,17485647420.4505,3428682.0
BLR,2017,56421892161.1976,9458989.0
BLZ,2017,2152487028.0072,373202.0
BMU,2017,6849550930.14215,63578.0
BOL,2017,35850757840.6068,11344587.0
BRA,2017,1766232928473.27,204703445.0
BRB,2017,5824392171.7044,280171.0
BRN,2017,12777445780.0952,432772.0
BTN,2017,2422779966.72395,754335.0
BWA,2017,15102375175.8986,2266747.0
CAF,2017,1856804600.57752,4793511.0
CAN,2017,1620386284360.03,36545075.0
CEB,2017,1401661855891.18,102337501.0
CHE,2017,718132464454.115,8451840.0
CHI,2017,10416739087.3022,164319.0
CHL,2017,250050047209.619,18558868.0
CHN,2017,12875216222853.4,1396215000.0
CIV,2017,52739979047.0655,26733372.0
CMR,2017,34863580363.1151,24128601.0
COD,2017,42048626459.9632,87083398.0
COG,2017,10719526284.7166,5351011.0
COL,2017,303691577641.583,48131078.0
COM,2017,1036190384.81036,756669.0
CPV,2017,1907814790.72833,512893.0
CRI,2017,61260269007.514,4913177.0
CSS,2017,60166751937.5848,4366140.0
CUB,2017,89164663941.1994,11247829.0
CUW,2017,2987500760.4188,160175.0
CYM,2017,5015477958.0794,64535.0
CYP,2017,22438246417.1514,1254275.0
CZE,2017,204024435232.921,10594438.0
DEU,2017,3599173571724.7,82657002.0
DJI,2017,2738843335.30256,1054841.0
DMA,2017,546983994.013143,68496.0
DNK,2017,320538736986.013,5764980.0
DOM,2017,78714898894.6559,10666843.0
DZA,2017,197728207716.082,41689299.0
EAP,2017,15393021384543.9,2087238522.0
EAR,2017,11019360228440.7,3274060446.0
EAS,2017,24518631574320.8,2333475520.0
ECA,2017,1645721184922.11,244308649.0
ECS,2017,21616385542694.6,915065824.0
ECU,2017,102304671535.156,16759519.0
EGY,2017,358053111989.023,103696057.0
EMU,2017,12358800163596.6,344810179.0
ESP,2017,1277275696051.09,46571232.0
EST,2017,25387062190.0468,1317384.0
ETH,2017,74461941569.3207,109666481.0
EUU,2017,14310687274644.1,445321060.0
FCS,2017,1508066703688.21,931222867.0
FIN,2017,247110710501.527,5508214.0
FJI,2017,5053797787.50532,918759.0
FRA,2017,2514819204088.14,66918020.0
FRO,2017,2701241060.07126,50180.0
FSM,2017,319911415.240516,109481.0
GAB,2017,14753324537.1727,2156900.0
GBR,2017,3101591068534.48,65966000.0
GEO,2017,16561685511.0983,3728004.0
GHA,2017,55258774288.879,30008354.0
GIN,2017,10749606370.4679,12385659.0
GMB,2017,1472715273.80675,2342189.0
GNB,2017,1271652706.03289,1877072.0
GNQ,2017,11341603434.7324,1562396.0
GRC,2017,197370820217.692,10754679.0
GRD,2017,1080200382.60863,115438.0
GRL,2017,2617499780.41644,56172.0
GTM,2017,65817811430.0879,16567357.0
GUM,2017,5861264058.23476,163490.0
GUY,2017,4608708975.07815,768479.0
HIC,2017,52171217990931.2,1380319892.0
HKG,2017,328116204743.636,7393200.0
HND,2017,22852116284.6356,9588137.0
HPC,2017,739297864826.299,779389964.0
HRV,2017,54499590874.6275,4041407.0
HTI,2017,15498296353.5977,10817754.0
HUN,2017,133589642960.172,9726756.0
IBD,2017,28488351316386.0,4765773411.0
IBT,2017,30813234830704.3,6440011821.0
IDA,2017,2324883514318.38,1674238410.0
IDB,2017,1161353475889.83,590024074.0
IDN,2017,950021694164.001,267346658.0
IDX,2017,1163530038428.55,1084214336.0
IMN,2017,7792384786.37832,83609.0
IND,2017,2432016068497.75,1359657400.0
IRL,2017,336707637029.955,4827445.0
IRN,2017,458739730634.758,85026754.0
IRQ,2017,186314571374.742,39337353.0
ISL,2017,19456350341.8065,343400.0
ISR,2017,330783435889.189,8713300.0
ITA,2017,1898202609462.08,60002252.0
JAM,2017,15729242259.4032,2815764.0
JOR,2017,40330034782.8485,10234226.0
JPN,2017,4553466417290.11,126972000.0
KAZ,2017,194059760924.352,18651931.0
KEN,2017,75879571212.3885,49197766.0
KGZ,2017,7297999868.50301,6306696.0
KHM,2017,28191654621.9478,16073372.0
KIR,2017,212828045.375187,120275.0
KNA,2017,997065001.528822,47050.0
KOR,2017,1642548917819.59,51361911.0
KWT,2017,112380895138.2,4154812.0
LAC,2017,4644434583052.38,561957179.0
LAO,2017,16503694943.2856,7018147.0
LBN,2017,51163399287.7034,6160128.0
LBR,2017,3254893758.73415,4848925.0
LBY,2017,63584342257.9606,6738770.0
LCA,2017,1932793731.46772,176342.0
LCN,2017,5332575619822.82,630414986.0
LDC,2017,1024756520342.2,1008993468.0
LIC,2017,370459501005.707,514890519.0
LKA,2017,95165677467.0656,21453000.0
LMC,2017,5694932890227.6,2847931114.0
LMY,2017,28085157761164.9,6093971714.0
LSO,2017,2368122098.53455,2157110.0
LTE,2017,20667045850521.3,2285870134.0
LTU,2017,44618059836.1503,2842639.0
LUX,2017,63892707251.4305,596336.0
LVA,2017,27935083541.205,1942248.0
MAC,2017,49051541817.7349,648400.0
MAR,2017,116603009678.139,35446392.0
MCO,2017,6246325873.74088,37678.0
MDA,2017,8500675703.95748,2755189.0
MDG,2017,12238318933.7165,26788375.0
MDV,2017,4703536561.40931,458287.0
MEA,2017,3795705838717.29,718887744.0
MEX,2017,1257912134612.3,123400057.0
MHL,2017,195000000.0,46529.0
MIC,2017,27715051842968.2,5579081195.0
MKD,2017,10463154366.0785,1898657.0
MLI,2017,17406945659.5769,19813011.0
MLT,2017,13334316042.9201,467106.0
MMR,2017,66973743449.8257,51894938.0
MNA,2017,1943768539812.59,656767614.0
MNE,2017,4282287496.64778,625982.0
MNG,2017,12457761002.7432,3148917.0
MNP,2017,1448278787.87879,49959.0
MOZ,2017,17418032489.647,28166393.0
MRT,2017,6636194355.58626,4210600.0
MUS,2017,13129418116.1342,1264887.0
MWI,2017,9827959688.35226,18039715.0
MYS,2017,333061328477.268,32355644.0
NAC,2017,20620082381951.8,363217262.0
NAM,2017,11222512162.9739,2506853.0
NER,2017,10752347793.0235,21435446.0
NGA,2017,488964081500.903,200254579.0
NIC,2017,13956550774.5717,6316231.0
NLD,2017,816650691531.918,17131296.0
NOR,2017,402355151331.034,5276968.0
NPL,2017,26662720369.2492,28011258.0
NRU,2017,82759388.3344094,11324.0
NZL,2017,191208740301.496,4813600.0
OED,2017,49804771487583.6,1348127258.0
OMN,2017,82934277088.5646,4537396.0
OSS,2017,132824243552.788,11989367.0
PAK,2017,333853050597.697,223273967.0
PAN,2017,61667283149.9355,4098707.0
PER,2017,202276318741.548,31324637.0
PHL,2017,351113338965.581,108119693.0
PLW,2017,282170906.738952,17812.0
PNG,2017,23725951011.6612,9178714.0
POL,2017,520089746650.75,37974826.0
PRE,2017,1381777968905.8,920568701.0
PRI,2017,99124231779.4147,3410837.0
PRT,2017,209757330876.906,10300300.0
PRY,2017,39573101423.9484,6338660.0
PSE,2017,15426900000.0,4454805.0
PSS,2017,9813804355.85463,2509999.0
PST,2017,46712237648480.4,1107161559.0
PYF,2017,5682340239.1533,280087.0
QAT,2017,164199341779.27,2545820.0
ROU,2017,197967999561.02,19588715.0
RUS,2017,1391065651845.68,145293260.0
RWA,2017,9408633100.29498,12202060.0
SAS,2017,2783774592239.64,1572520427.0
SAU,2017,713567089638.542,30977355.0
SDN,2017,53900054790.1369,42714306.0
SEN,2017,20304894471.3123,15475002.0
SGP,2017,333846562289.746,5612253.0
SLB,2017,1423021077.98042,685672.0
SLE,2017,7457128029.04966,7379299.0
SLV,2017,24573529736.8617,6213533.0
SMR,2017,1456429357.00178,33825.0
SOM,2017,7555288980.07721,14916629.0
SRB,2017,43531153349.2666,7020858.0
SSA,2017,1675525781277.53,971179323.0
SSF,2017,1751705380186.83,1080941647.0
SST,2017,202804799846.228,18865506.0
STP,2017,284706696.977306,206970.0
SUR,2017,4950790053.58146,593713.0
SVK,2017,93529165482.8938,5439232.0
SVN,2017,46282469720.8281,2066388.0
SWE,2017,521937949816.044,10057698.0
SWZ,2017,4165142616.56823,1158195.0
SXM,2017,1323735540.53767,38996.0
SYC,2017,1717657339.98638,95843.0
SYR,2017,15300590613.0367,19224668.0
TCA,2017,2019043138.35929,39913.0
TCD,2017,13733590857.5857,15622759.0
TEA,2017,15374067973933.6,2061449949.0
TEC,2017,3863082773694.75,458010325.0
TGO,2017,6238441246.41392,8057140.0
THA,2017,432422173710.333,71160187.0
TJK,2017,9469953672.84779,9085946.0
TKM,2017,40490550853.5767,6507061.0
TLA,2017,5112262470836.94,614776664.0
TLS,2017,1586016118.47795,1251703.0
TMN,2017,1928341639812.59,652312809.0
TON,2017,481332022.49063,105356.0
TSA,2017,2783774592239.64,1572520427.0
TSS,2017,1751705380186.83,1080941647.0
TTO,2017,23608962518.1707,1356633.0
TUN,2017,47333713938.692,11650498.0
TUR,2017,964205820086.089,80312698.0
TUV,2017,39847948.4184971,10869.0
TZA,2017,54078588995.4215,55652890.0
UGA,2017,34998276801.8745,40177388.0
UKR,2017,95453762636.0202,45436041.0
UMC,2017,22020118952740.6,2731150081.0
URY,2017,59675827116.7172,3388438.0
USA,2017,18992846546661.7,326608609.0
UZB,2017,95322862968.5109,31819178.0
VCT,2017,831877075.602191,105663.0
VEN,2017,87762679935.5076,30565323.0
VIR,2017,3694274279.6158,107281.0
VNM,2017,272980590259.187,95176977.0
VUT,2017,820749507.202776,278507.0
WLD,2017,80417743987091.4,7614523410.0
WSM,2017,902464748.18719,205415.0
XKX,2017,6967382841.60846,1791019.0
YEM,2017,36514386855.1096,33090921.0
ZAF,2017,353055253707.071,57635162.0
ZMB,2017,22826646593.6169,17441320.0
ZWE,2017,21076969325.2127,14812482.0
ABW,2018,3203987172.7481,108908.0
AFE,2018,980085554466.136,657801085.0
AFG,2018,20323499020.3639,36743039.0
AFW,2018,820597501289.754,452195915.0
AGO,2018,100050434318.105,31297155.0
ALB,2018,12761785703.1071,2607733.0
AND,2018,2949519480.26811,75162.0
ARB,2018,2780412155095.67,435998060.0
ARE,2018,405439194566.321,9346701.0
ARG,2018,583118120294.002,44654882.0
ARM,2018,11958638938.496,2969000.0
ASM,2018,631900763.358779,50908.0
ATG,2018,1640501407.75149,90926.0
AUS,2018,1467158231105.1,24963258.0
AUT,2018,406235924915.185,8840521.0
AZE,2018,52302373078.674,9939771.0
BDI,2018,3172504889.35261,11859446.0
BEL,2018,482317238282.145,11427054.0
BEN,2018,13268812302.6618,12383347.0
BFA,2018,14194244128.6065,20438288.0
BGD,2018,239111739541.452,163523103.0
BGR,2018,54990790971.5665,6710798.0
BHR,2018,36164044588.1584,1503091.0
BHS,2018,12385211217.3941,392717.0
BIH,2018,18155173558.4672,3387000.0
BLR,2018,58198729025.2815,9438785.0
BLZ,2018,2170181947.82235,380226.0
BMU,2018,6819905984.64909,63831.0
BOL,2018,36878987707.3734,11508368.0
BRA,2018,1797736638146.82,206107261.0
BRB,2018,5750071519.41267,280711.0
BRN,2018,12784137461.5724,437810.0
BTN,2018,2507622616.54362,759759.0
BWA,2018,15734967212.8207,2299141.0
CAF,2018,1927167163.54408,4878657.0
CAN,2018,1664832887873.71,37072620.0
CEB,2018,1471091465811.38,102074201.0
CHE,2018,738674254331.744,8514329.0
CHI,2018,10533640271.4811,164949.0
CHL,2018,260027117802.785,18893191.0
CHN,2018,13745158275136.7,1402760000.0
CIV,2018,55294253263.7438,27464173.0
CMR,2018,36242614248.5756,24806383.0
COD,2018,44601688163.9569,90047644.0
COG,2018,10472514332.3273,5483118.0
COL,2018,311479214511.795,49024465.0
COM,2018,1073934613.01512,771590.0
CPV,2018,1978536809.33193,513415.0
CRI,2018,62862779082.5908,4957818.0
CSS,2018,60895298300.8374,4407658.0
CUB,2018,91169039692.7712,11227118.0
CUW,2018,2924640415.44914,159336.0
CYM,2018,5229501727.25244,65941.0
CYP,2018,23845497750.3008,1270737.0
CZE,2018,209798950825.42,10629928.0
DEU,2018,3640049243667.4,82905782.0
DJI,2018,2869605010.3792,1071882.0
DMA,2018,563196657.633243,68174.0
DNK,2018,326500781502.599,5793636.0
DOM,2018,84301701754.6018,10782053.0
DZA,2018,200496402625.853,42505035.0
EAP,2018,16399284319211.3,2100698838.0
EAR,2018,11416936484621.9,3314245247.0
EAS,2018,25694274748716.8,2347576325.0
ECA,2018,1707629450920.31,246400484.0
ECS,2018,22083088512620.3,918689254.0
ECU,2018,103373033702.498,17049547.0
EGY,2018,377141312302.669,105682094.0
EMU,2018,12578775845340.4,345864630.0
ESP,2018,1307871701701.25,46782011.0
EST,2018,26326306710.8582,1321977.0
ETH,2018,79537377550.6924,112664152.0
EUU,2018,14603544059407.1,446329890.0
FCS,2018,1530016405340.24,951851595.0
FIN,2018,250058685918.643,5515525.0
FJI,2018,5246466309.21901,917180.0
FRA,2018,2556210832760.02,67158348.0
FRO,2018,2775895516.47884,50996.0
FSM,2018,319911415.240516,109909.0
GAB,2018,14876945089.6921,2212318.0
GBR,2018,3149707010747.53,66289000.0
GEO,2018,17565660917.3341,3726549.0
GHA,2018,58684861220.5087,30637585.0
GIN,2018,11433119223.7578,12704774.0
GMB,2018,1579264608.77791,2399632.0
GNB,2018,1319485332.4773,1922168.0
GNQ,2018,10634279338.5817,1616422.0
GRC,2018,201445880434.67,10732882.0
GRD,2018,1127312678.42806,115691.0
GRL,2018,2633808516.64035,56023.0
GTM,2018,68060140995.097,16845685.0
GUM,2018,5812719199.27207,162679.0
GUY,2018,4813377725.77348,791556.0
HIC,2018,53414259824681.7,1385103279.0
HKG,2018,337457513840.276,7452600.0
HND,2018,23730778960.5382,9765210.0
HPC,2018,770302629031.404,802020674.0
HRV,2018,56086115348.75,3988775.0
HTI,2018,15756778637.9976,10962362.0
HUN,2018,141078862882.165,9706964.0
IBD,2018,29873056648993.7,4806981820.0
IBT,2018,32299375295851.0,6518058354.0
IDA,2018,2426318646857.28,1711076534.0
IDB,2018,1206220444675.87,601951913.0
IDN,2018,999178586309.021,269951846.0
IDX,2018,1220098202181.41,1109124621.0
IMN,2018,7964861239.48697,83805.0
IND,2018,2588974770244.57,1374659064.0
IRL,2018,362595940328.693,4898022.0
IRN,2018,441546348305.719,86117998.0
IRQ,2018,191221819559.378,40265624.0
ISL,2018,20363166145.0836,352721.0
ISR,2018,344027669320.131,8882800.0
ITA,2018,1913894038926.83,60148658.0
JAM,2018,16124965549.2249,2820097.0
JOR,2018,41103996749.7366,10462306.0
JPN,2018,4582763011478.55,126811000.0
KAZ,2018,202016211108.857,18932727.0
KEN,2018,80165208728.3956,50207107.0
KGZ,2018,7572252145.25549,6444079.0
KHM,2018,30665817313.8491,16274522.0
KIR,2018,220233266.963344,122084.0
KNA,2018,1017041453.06618,47008.0
KOR,2018,1694718171579.25,51585058.0
KWT,2018,115463874454.862,4323515.0
LAC,2018,4716151931659.62,567711159.0
LAO,2018,17534839203.1116,7128045.0
LBN,2018,50199119756.2008,5984119.0
LBR,2018,3292571599.13518,4944726.0
LBY,2018,68633808773.5188,6849055.0
LCA,2018,1988589215.44077,177017.0
LCN,2018,5397521762017.83,635778081.0
LDC,2018,1072504221259.81,1033110314.0
LIC,2018,381006074430.743,529522043.0
LKA,2018,97364084798.8326,21670000.0
LMC,2018,6003797336992.31,2888561818.0
LMY,2018,29487318731945.8,6169658713.0
LSO,2018,2333058897.5103,2183603.0
LTE,2018,21791288797381.0,2298394042.0
LTU,2018,46812540124.5928,2819200.0
LUX,2018,64922207640.6436,607950.0
LVA,2018,29139005429.8548,1927174.0
MAC,2018,52170812899.485,658900.0
MAR,2018,120177639735.159,35839760.0
MCO,2018,6602235351.40181,38154.0
MDA,2018,8847128857.51461,2707203.0
MDG,2018,12629254472.2012,27494926.0
MDV,2018,5106580520.20896,473099.0
MEA,2018,3886800967972.17,730362334.0
MEX,2018,1282719194577.95,124573711.0
MHL,2018,205700000.0,45285.0
MIC,2018,29106285154757.5,5640136670.0
MKD,2018,10764555646.4726,1889051.0
MLI,2018,18254289663.8519,20442030.0
MLT,2018,14292948664.8282,483903.0
MMR,2018,71172235146.7291,52272247.0
MNA,2018,1984591032025.54,668447432.0
MNE,2018,4484964786.60981,626438.0
MNG,2018,13422599720.3616,3208189.0
MNP,2018,1165903030.30303,49077.0
MOZ,2018,18025039081.8692,29018644.0
MRT,2018,6952885074.44597,4337685.0
MUS,2018,13655479838.659,1265577.0
MWI,2018,10255826273.6659,18528081.0
MYS,2018,349191778300.005,32910967.0
NAC,2018,21227923096076.6,365666028.0
NAM,2018,11341464002.1253,2577327.0
NER,2018,11527744540.163,22188069.0
NGA,2018,498365674277.734,204938755.0
NIC,2018,13487142194.6088,6400080.0
NLD,2018,835096710412.613,17231624.0
NOR,2018,405690399924.369,5311916.0
NPL,2018,28695053195.3457,28079689.0
NRU,2018,82058037.5858134,11477.0
NZL,2018,197844796498.754,4900600.0
OED,2018,50982465440210.0,1356470975.0
OMN,2018,84001727416.2074,4597877.0
OSS,2018,138613123791.174,12135267.0
PAK,2018,354390697428.203,226928892.0
PAN,2018,64083529457.2571,4167860.0
PER,2018,210305376512.78,31897584.0
PHL,2018,373379140695.818,109465287.0
PLW,2018,278660962.692401,17814.0
PNG,2018,23659695751.3327,9394513.0
POL,2018,552573816155.989,37974750.0
PRE,2018,1418502376439.21,946317177.0
PRI,2018,94801000739.6964,3290690.0
PRT,2018,215937376369.165,10283822.0
PRY,2018,40841122661.1912,6427382.0
PSE,2018,15616200000.0,4569087.0
PSS,2018,10080834717.2397,2542009.0
PST,2018,47769442942200.4,1111377470.0
PYF,2018,5785013023.38646,279815.0
QAT,2018,166226927746.608,2580734.0
ROU,2018,208647427408.285,19473970.0
RUS,2018,1430116278515.49,145398106.0
RWA,2018,10209916254.6891,12487996.0
SAS,2018,2961759850916.95,1589164714.0
SAU,2018,736593549189.516,30196281.0
SDN,2018,52455031754.9093,44230596.0
SEN,2018,21565674310.7132,15914498.0
SGP,2018,345370865382.867,5638676.0
SLB,2018,1462095137.08983,709101.0
SLE,2018,7672926606.69678,7554563.0
SLV,2018,25166352435.5773,6219807.0
SMR,2018,1478187032.62147,34522.0
SOM,2018,7710498420.37301,15452487.0
SRB,2018,45555069182.0072,6982604.0
SSA,2018,1719343177649.43,997236086.0
SSF,2018,1800683055755.89,1109997000.0
SST,2018,209589256809.251,19084934.0
STP,2018,297171520.830854,210187.0
SUR,2018,5195768566.26648,599513.0
SVK,2018,97328432250.4869,5446771.0
SVN,2018,48309217703.4135,2073894.0
SWE,2018,531177584320.755,10175214.0
SWZ,2018,4167866438.89669,1168929.0
SXM,2018,1232967219.66025,39712.0
SYC,2018,1802500555.76177,96762.0
SYR,2018,15513754781.2974,19577845.0
TCA,2018,2155382023.58255,41559.0
TCD,2018,14522052213.2592,16156531.0
TEA,2018,16379063830847.0,2074796982.0
TEC,2018,4010043879320.39,459946883.0
TGO,2018,6537585941.16754,8258778.0
THA,2018,450682801200.339,71376079.0
TJK,2018,10189670046.8255,9307333.0
TKM,2018,43000964982.7593,6655524.0
TLA,2018,5178849846985.19,620274430.0
TLS,2018,1578617315.67268,1275959.0
TMN,2018,1968974832025.54,663878345.0
TON,2018,483872624.14682,105567.0
TSA,2018,2961759850916.95,1589164714.0
TSS,2018,1800683055755.89,1109997000.0
TTO,2018,23385751652.6468,1359193.0
TUN,2018,48567689496.9783,11765514.0
TUR,2018,997645953748.995,81407204.0
TUV,2018,40400752.5680826,10751.0
TZA,2018,57054358529.8857,57437145.0
UGA,2018,37204541496.6985,41565831.0
UKR,2018,98783535744.1445,45208907.0
UMC,2018,23102487817765.2,2751574852.0
URY,2018,59774159517.7554,3394534.0
USA,2018,19556270302218.3,328529577.0
UZB,2018,100622047495.601,32373490.0
VCT,2018,858294259.20171,104926.0
VEN,2018,70512625399.3064,29807592.0
VIR,2018,3763664087.51334,107001.0
VNM,2018,293358610036.841,96237319.0
VUT,2018,844553132.872594,285259.0
WLD,2018,83050587362222.7,7697233736.0
WSM,2018,896962897.99084,207582.0
XKX,2018,7204735953.90435,1797086.0
YEM,2018,36789138480.0859,34085182.0
ZAF,2018,358551560868.533,58613001.0
ZMB,2018,23747586257.2512,17973569.0
ZWE,2018,22132908952.043,15034452.0
ABW,2019,3243239612.14075,109203.0
AFE,2019,999982044537.274,675950189.0
AFG,2019,21118473702.3471,37856121.0
AFW,2019,847526908088.33,463365429.0
AGO,2019,99845650843.2744,32375632.0
ALB,2019,13025007474.8895,2567801.0
AND,2019,3008968450.49925,76474.0
ARB,2019,2829007673867.42,444281315.0
ARE,2019,410593714983.921,9445785.0
ARG,2019,571450737224.442,44973465.0
ARM,2019,12867495497.6469,2962500.0
ASM,2019,628818320.610687,50209.0
ATG,2019,1692541753.29144,91364.0
AUS,2019,1499347932643.95,25334826.0
AUT,2019,413365268699.049,8879920.0
AZE,2019,53599371924.6281,10024283.0
BDI,2019,3313977733.08389,12255336.0
BEL,2019,494099718080.569,11488980.0
BEN,2019,14179807374.6843,12726755.0
BFA,2019,15030172259.3791,20961952.0
BGD,2019,257958323968.613,164913055.0
BGR,2019,57076766353.313,6616726.0
BHR,2019,36906448210.9064,1483756.0
BHS,2019,12281350586.0076,394675.0
BIH,2019,18679105074.1119,3345533.0
BLR,2019,59040547731.7471,9419758.0
BLZ,2019,2262557632.66642,385829.0
BMU,2019,6840850356.57848,64107.0
BOL,2019,37434651169.5829,11671386.0
BRA,2019,1819683008336.22,207455459.0
BRB,2019,5763165130.17653,281207.0
BRN,2019,13278735842.9555,442680.0
BTN,2019,2651940022.25787,764824.0
BWA,2019,16212015762.4196,2332083.0
CAF,2019,1986909345.61394,4944703.0
CAN,2019,1696605090551.84,37618495.0
CEB,2019,1530410149270.2,101864274.0
CHE,2019,747109782755.794,8575280.0
CHI,2019,10699371928.6621,165639.0
CHL,2019,261676645417.276,19197744.0
CHN,2019,14579283528148.4,1407745000.0
CIV,2019,59010785540.9857,28193009.0
CMR,2019,37502066832.7403,25506095.0
COD,2019,44849398935.1374,92947442.0
COG,2019,10590275024.738,5616661.0
COL,2019,321405606655.842,49907985.0
COM,2019,1092843397.42943,786578.0
CPV,2019,2116002110.92756,514104.0
CRI,2019,64382494195.8,4999553.0
CSS,2019,61428203907.805,4443134.0
CUB,2019,91020354637.1475,11202846.0
CUW,2019,2830872591.42199,157441.0
CYM,2019,5434269999.23381,67327.0
CYP,2019,25246562822.6821,1286671.0
CZE,2019,217279912681.73,10671870.0
DEU,2019,3675639268112.03,83092962.0
DJI,2019,3028726927.17701,1088709.0
DMA,2019,585432211.240413,67880.0
DNK,2019,332088518944.146,5814422.0
DOM,2019,88427452425.8944,10894043.0
DZA,2019,202300870247.92,43294546.0
EAP,2019,17364523402141.3,2112289891.0
EAR,2019,11676085719040.9,3355014793.0
EAS,2019,26733086615367.5,2359762190.0
ECA,2019,1751718869315.29,248576676.0
ECS,2019,22485746826135.8,921932163.0
ECU,2019,103544017315.435,17340021.0
EGY,2019,398080548973.052,107553158.0
EMU,2019,12782883063558.0,346496601.0
ESP,2019,1333521400432.69,47118501.0
EST,2019,27307395871.0676,1326898.0
ETH,2019,86189951998.924,115737383.0
EUU,2019,14877396575749.2,446910453.0
FCS,2019,1542490501129.03,973035228.0
FIN,2019,253433824168.6,5521606.0
FJI,2019,5215934671.17568,914899.0
FRA,2019,2608036638906.12,67382061.0
FRO,2019,2901879820.04399,51792.0
FSM,2019,332969024.025843,110282.0
GAB,2019,15460241661.1259,2267706.0
GBR,2019,3189276748351.15,66631000.0
GEO,2019,18510819818.4957,3720161.0
GHA,2019,62503939826.8611,31258945.0
GIN,2019,12075307751.6835,13034346.0
GMB,2019,1677527292.27233,2456844.0
GNB,2019,1389780856.97486,1967696.0
GNQ,2019,10051326714.9325,1670177.0
GRC,2019,206033167050.895,10721582.0
GRD,2019,1134939081.03144,115981.0
GRL,2019,2708402650.63237,56225.0
GTM,2019,70794727937.1204,17103803.0
GUM,2019,5959409099.18107,161808.0
GUY,2019,5071030135.73162,807665.0
HIC,2019,54426233106889.1,1389770301.0
HKG,2019,331813719170.552,7507900.0
HND,2019,24338200129.3672,9943633.0
HPC,2019,802692529518.269,824649053.0
HRV,2019,57825641269.2151,3949390.0
HTI,2019,15485274058.243,11105163.0
HUN,2019,148241697677.304,9694824.0
IBD,2019,31065231793340.1,4845075024.0
IBT,2019,33586848994966.6,6594216452.0
IDA,2019,2521617201626.44,1749141428.0
IDB,2019,1242683979382.07,614017319.0
IDN,2019,1049330233997.45,272489381.0
IDX,2019,1278933222244.37,1135124109.0
IMN,2019,7985161906.36243,83957.0
IND,2019,2689205295885.31,1389030312.0
IRL,2019,380627401462.693,4976456.0
IRN,2019,431119516583.705,87051648.0
IRQ,2019,201765390224.396,41192171.0
ISL,2019,20594942207.7632,360563.0
ISR,2019,356792803355.853,9054000.0
ITA,2019,1922107755078.16,59729081.0
JAM,2019,16416735750.8852,2823271.0
JOR,2019,41823826702.478,10671891.0
JPN,2019,4564332550096.38,126633000.0
KAZ,2019,211106940610.612,19209555.0
KEN,2019,84264984851.3549,51202827.0
KGZ,2019,7920623120.2686,6590211.0
KHM,2019,33099747942.811,16481304.0
KIR,2019,227422251.871424,123921.0
KNA,2019,1046924638.78381,46952.0
KOR,2019,1733930596323.25,51764822.0
KWT,2019,118077765349.788,4442316.0
LAC,2019,4744331658990.13,573311679.0
LAO,2019,18491844275.7106,7237636.0
LBN,2019,46727888410.6848,5794594.0
LBR,2019,3211334057.92828,5043721.0
LBY,2019,60949510655.8708,6951033.0
LCA,2019,1974662679.79464,177661.0
LCN,2019,5414366311242.31,640962372.0
LDC,2019,1125199095083.01,1058013514.0
LIC,2019,392475611342.453,544980983.0
LKA,2019,97149412680.2905,21803000.0
LMC,2019,6247796271967.2,2928617292.0
LMY,2019,30713388011037.5,6243562839.0
LSO,2019,2299976266.27346,2209405.0
LTE,2019,22825733435816.6,2308878047.0
LTU,2019,49002127329.2631,2811089.0
LUX,2019,66707126419.2733,620001.0
LVA,2019,29335802338.5259,1913822.0
MAC,2019,50886936460.4335,672000.0
MAR,2019,123651944968.713,36210898.0
MCO,2019,7072373236.60927,38109.0
MDA,2019,9161406662.06896,2664224.0
MDG,2019,13186360203.1442,28219554.0
MDV,2019,5460112147.97969,487731.0
MEA,2019,3948654414995.85,742714463.0
MEX,2019,1277682078094.17,125762982.0
MHL,2019,227200000.0,44007.0
MIC,2019,30320664411502.1,5698581856.0
MKD,2019,11185494933.6944,1876262.0
MLI,2019,19167003985.6926,21068405.0
MLT,2019,14876823596.3021,503912.0
MMR,2019,75854734834.642,52640713.0
MNA,2019,2012223164029.94,680490997.0
MNE,2019,4682030356.6341,626753.0
MNG,2019,14174566537.4555,3267673.0
MNP,2019,1032436363.63636,48129.0
MOZ,2019,18442825951.8799,29884380.0
MRT,2019,7171275534.84383,4467708.0
MUS,2019,14050298678.0198,1265985.0
MWI,2019,10842133933.7208,19025752.0
MYS,2019,364602265936.14,33440596.0
NAC,2019,21765016109606.0,367908829.0
NAM,2019,11246291861.588,2650494.0
NER,2019,12212475570.6373,22947757.0
NGA,2019,509371727735.744,209485641.0
NIC,2019,13096437236.4148,6483657.0
NLD,2019,854304699526.719,17344874.0
NOR,2019,410249333418.695,5347896.0
NPL,2019,30605298792.5448,28414064.0
NRU,2019,89071545.0717802,11587.0
NZL,2019,202429793153.827,4970300.0
OED,2019,51923478427354.2,1364146219.0
OMN,2019,83053651985.4157,4591241.0
OSS,2019,144496973059.909,12281907.0
PAK,2019,363242090361.647,230800899.0
PAN,2019,66072084910.0035,4234700.0
PER,2019,215017545590.315,32449303.0
PHL,2019,396224439236.642,110804683.0
PLW,2019,277652130.171489,17798.0
PNG,2019,24719771866.5529,9609010.0
POL,2019,577884228677.544,37965475.0
PRE,2019,1464244549140.76,972302503.0
PRI,2019,96389357184.3707,3302691.0
PRT,2019,221866335067.158,10286263.0
PRY,2019,40677000526.5933,6515058.0
PSE,2019,15829000000.0,4685306.0
PSS,2019,10195168084.7096,2568656.0
PST,2019,48636122128934.9,1114898817.0
PYF,2019,5940599015.38201,279034.0
QAT,2019,167370994374.124,2638657.0
ROU,2019,216910469745.256,19371648.0
RUS,2019,1461551317106.21,145453291.0
RWA,2019,11174486370.4509,12776103.0
SAS,2019,3083030383497.0,1605412986.0
SAU,2019,748759049109.6,30063799.0
SDN,2019,51312429477.3951,45548175.0
SEN,2019,22560634320.127,16352922.0
SGP,2019,349888458531.086,5703569.0
SLB,2019,1487670872.02155,728147.0
SLE,2019,8095145458.32686,7731991.0
SLV,2019,25779775126.5993,6222318.0
SMR,2019,1508721722.60406,34663.0
SOM,2019,7926418061.75135,16030971.0
SRB,2019,47719029694.9033,6945235.0
SSA,2019,1759417104925.64,1023480610.0
SSF,2019,1847508952625.6,1139315618.0
SST,2019,216120345052.424,19293697.0
STP,2019,303157496.465873,213392.0
SUR,2019,5256433828.6406,605768.0
SVK,2019,99543529164.3085,5454147.0
SVN,2019,50002578162.6734,2088385.0
SWE,2019,545031918111.884,10278887.0
SWZ,2019,4435938143.62829,1179874.0
SXM,2019,1368162086.82719,40385.0
SYC,2019,1901895701.03715,97625.0
SYR,2019,15703131995.8402,20353534.0
TCA,2019,2262756808.26439,43166.0
TCD,2019,15303748438.8629,16685223.0
TEA,2019,17343097537190.7,2086281644.0
TEC,2019,4122967292466.83,461933206.0
TGO,2019,6859420393.24743,8463068.0
THA,2019,460212749509.626,71522271.0
TJK,2019,10943705646.9105,9529966.0
TKM,2019,45710025794.8484,6803944.0
TLA,2019,5193850665156.53,625467307.0
TLS,2019,1960846014.97769,1300945.0
TMN,2019,1996394164029.94,675805691.0
TON,2019,482492576.867438,105669.0
TSA,2019,3083030383497.0,1605412986.0
TSS,2019,1847508952625.6,1139315618.0
TTO,2019,23495134887.9587,1363985.0
TUN,2019,49320533876.2551,11875081.0
TUR,2019,1010631549472.6,82579440.0
TUV,2019,45984984.3588252,10581.0
TZA,2019,60363511324.6004,59174891.0
UGA,2019,39600047064.28,42999637.0
UKR,2019,101944118786.821,44957458.0
UMC,2019,24072868139534.9,2769964564.0
URY,2019,60329073609.8215,3397206.0
USA,2019,20061570168697.6,330226227.0
UZB,2019,107444145839.577,32964701.0
VCT,2019,864031342.481725,104167.0
VEN,2019,51010266124.708,28938098.0
VIR,2019,3873124066.16862,106669.0
VNM,2019,314947640805.601,97173776.0
VUT,2019,871926684.758592,291985.0
WLD,2019,85275610244218.1,7778008621.0
WSM,2019,936894420.746212,209780.0
XKX,2019,7547450874.83231,1788891.0
ZAF,2019,359483563936.676,59587885.0
ZMB,2019,24089861649.0155,18513839.0
ZWE,2019,20731353612.1651,15271368.0
ABW,2020,2468170539.29889,108587.0
AFE,2020,971806829572.918,694446100.0
AFG,2020,20621957125.2077,39068979.0
AFW,2020,815908816333.134,474569351.0
AGO,2020,95809443080.1137,33451132.0
ALB,2020,12593390460.142,2528480.0
AND,2020,2672447226.31612,77380.0
ARB,2020,2679041188655.38,453723239.0
ARE,2020,374899053476.789,9401038.0
ARG,2020,514874343768.066,45191965.0
ARM,2020,11941035821.9185,2961500.0
ASM,2020,656560305.343511,49761.0
ATG,2020,1373179832.3414,91846.0
AUS,2020,1497345824797.34,25649248.0
AUT,2020,387247796560.501,8916864.0
AZE,2020,51348755387.0791,10093121.0
BDI,2020,3324133212.69452,12617036.0
BEL,2020,470417598101.755,11538604.0
BEN,2020,14725558723.2985,13070169.0
BFA,2020,15332394848.5201,21478690.0
BGD,2020,266852772253.895,166298024.0
BGR,2020,55288418257.0389,6550696.0
BHR,2020,34724774104.3146,1472204.0
BHS,2020,9814105056.96843,395863.0
BIH,2020,18115912618.3228,3299349.0
BLR,2020,58643356627.7874,9379952.0
BLZ,2020,1956594233.22066,390812.0
BMU,2020,6373786302.28159,64382.0
BOL,2020,32673162315.3388,11816299.0
BRA,2020,1760056385298.89,208660842.0
BRB,2020,4935303060.93692,281698.0
BRN,2020,13429260053.625,447404.0
BTN,2020,2380954251.4208,770006.0
BWA,2020,14796887965.3696,2365894.0
CAF,2020,2004791529.66202,5026628.0
CAN,2020,1611126165625.03,38028638.0
CEB,2020,1479889473892.67,101215763.0
CHE,2020,731108655210.761,8638167.0
CHI,2020,9747472425.32923,166235.0
CHL,2020,245600606668.884,19370624.0
CHN,2020,14920466234565.3,1411100000.0
CIV,2020,59423700880.6615,28915449.0
CMR,2020,37599547048.5841,26210558.0
COD,2020,45197173728.8833,95989998.0
COG,2020,9926500702.40064,5752791.0
COL,2020,298309675728.093,50629997.0
COM,2020,1090706042.10569,802163.0
CPV,2020,1675762033.71886,514679.0
CRI,2020,61631202097.7205,5034320.0
CSS,2020,55881751228.5968,4459302.0
CUB,2020,81054139247.4509,11176354.0
CUW,2020,2308902987.9911,155482.0
CYM,2020,5165012391.41422,68684.0
CYP,2020,24433464399.3925,1302247.0
CZE,2020,205753475017.539,10697858.0
DEU,2020,3523764998709.97,83160871.0
DJI,2020,3065135713.11422,1105188.0
DMA,2020,493481872.044211,67573.0
DNK,2020,326176991232.295,5831404.0
DOM,2020,81415993438.0734,11008300.0
DZA,2020,192185826737.373,44042091.0
EAP,2020,17598115416436.5,2121866294.0
EAR,2020,11173669583731.9,3396051187.0
EAS,2020,26717717104733.7,2369420882.0
ECA,2020,1756555155338.02,250351240.0
ECS,2020,21275812463393.7,923664467.0
ECU,2020,93971273313.9152,17546065.0
EGY,2020,412213064649.087,109315124.0
EMU,2020,12008656528555.1,346986142.0
ESP,2020,1187633217292.02,47359424.0
EST,2020,26519903136.8312,1329522.0
ETH,2020,91412658764.8474,118917671.0
EUU,2020,14047404390856.4,446870959.0
FCS,2020,1428142774949.68,994901090.0
FIN,2020,247120696232.09,5529543.0
FJI,2020,4319652697.81901,914963.0
FRA,2020,2413981867676.36,67601110.0
FRO,2020,2854366727.12733,52565.0
FSM,2020,327398648.118022,110916.0
GAB,2020,15176119359.5429,2322539.0
GBR,2020,2868821517197.41,66744000.0
GEO,2020,17346401920.57,3722716.0
GHA,2020,62825173619.4157,31887809.0
GIN,2020,12643401588.6985,13371183.0
GMB,2020,1687449652.95674,2515733.0
GNB,2020,1429964954.95595,2013255.0
GNQ,2020,9569759527.14748,1716468.0
GRC,2020,187085880047.738,10698599.0
GRD,2020,978809798.804488,116341.0
GRL,2020,2715195047.19671,56367.0
GTM,2020,69530651433.0831,17357325.0
GUM,2020,5332547224.74977,162158.0
GUY,2020,7275896377.20418,807481.0
HIC,2020,52308536451537.5,1393472875.0
HKG,2020,310097161184.35,7481000.0
HND,2020,22156260473.8169,10119640.0
HPC,2020,802542318657.953,847743308.0
HRV,2020,53019830857.522,3914206.0
HTI,2020,14973407477.2561,11243848.0
HUN,2020,141809897486.431,9670419.0
IBD,2020,30666962381515.6,4878296727.0
IBT,2020,33142938811957.9,6666470352.0
IDA,2020,2475976430442.3,1788173625.0
IDB,2020,1201750462242.68,626440308.0
IDN,2020,1027656193885.38,274814866.0
IDX,2020,1274225968199.62,1161733317.0
IMN,2020,7279527763.56095,84064.0
IND,2020,2533830417086.54,1402617695.0
IRL,2020,407856325068.063,5039747.0
IRN,2020,450269020578.621,87723443.0
IRQ,2020,177479307669.569,42116605.0
ISL,2020,19226227440.8995,366463.0
ISR,2020,349579824803.208,9215100.0
ITA,2020,1751650987235.43,59438851.0
JAM,2020,15053421189.293,2830739.0
JOR,2020,41362613665.9359,10865228.0
JPN,2020,4374056271824.01,126261000.0
KAZ,2020,205829267103.2,19482117.0
KEN,2020,84035138346.859,52217334.0
KGZ,2020,7354379549.41978,6726596.0
KHM,2020,31922812945.0881,16725474.0
KIR,2020,224083567.264516,126099.0
KNA,2020,886725390.821136,46870.0
KOR,2020,1721788880530.99,51836239.0
KWT,2020,112389586345.299,4400267.0
LAC,2020,4433580171751.37,578091505.0
LAO,2020,18584864138.19,7346533.0
LBN,2020,36728167162.8739,5702398.0
LBR,2020,3115556299.79146,5149463.0
LBY,2020,42996651437.748,7045399.0
LCA,2020,1493605760.01109,178250.0
LCN,2020,5042906452648.47,645498186.0
LDC,2020,1124252111022.13,1083636132.0
LIC,2020,387960453292.486,560643073.0
LKA,2020,92656723482.0524,21919000.0
LMC,2020,5999297450106.84,2968398856.0
LMY,2020,30368971753713.7,6313913801.0
LSO,2020,2112391171.33041,2235727.0
LTE,2020,22879616939971.7,2316152451.0
LTU,2020,49023107998.6089,2810369.0
LUX,2020,66366885630.9508,630419.0
LVA,2020,28318076614.1623,1900449.0
MAC,2020,23203378176.6445,685400.0
MAR,2020,114775951852.213,36584208.0
MCO,2020,6136054329.90152,38050.0
MDA,2020,8403210632.93021,2635130.0
MDG,2020,12245161113.1284,28953556.0
MDV,2020,3663253190.26213,502118.0
MEA,2020,3807095253349.17,756405281.0
MEX,2020,1170944075446.26,126799054.0
MHL,2020,220900000.0,42706.0
MIC,2020,29980760375303.3,5753270728.0
MKD,2020,10661068595.4055,1856124.0
MLI,2020,18942920941.9796,21713836.0
MLT,2020,14362489738.4331,515490.0
MMR,2020,68991135074.4517,53016522.0
MNA,2020,1959205740705.51,692532027.0
MNE,2020,3980071397.73552,626590.0
MNG,2020,13528524951.0287,3327204.0
MNP,2020,732412121.212121,47528.0
MOZ,2020,18217911539.7402,30783688.0
MRT,2020,7145411800.0896,4600131.0
MUS,2020,12006466620.7709,1266014.0
MWI,2020,10928176721.5316,19533888.0
MYS,2020,344706479641.244,33889558.0
NAC,2020,21245132511861.9,369670740.0
NAM,2020,10335184546.1643,2728762.0
NER,2020,12646096746.8881,23717613.0
NGA,2020,476930359891.946,213996181.0
NIC,2020,12803529948.2066,6565267.0
NLD,2020,821260592382.701,17441500.0
NOR,2020,405005642242.722,5379475.0
NPL,2020,29880069318.7261,28966574.0
NRU,2020,90474246.568973,11643.0
NZL,2020,201807833897.729,5072400.0
OED,2020,49904033042891.9,1369310195.0
OMN,2020,80246670660.8581,4522497.0
OSS,2020,136119783585.283,12417333.0
PAK,2020,358614068499.253,235001746.0
PAN,2020,54297226728.12,4293261.0
PER,2020,191509018299.917,32838579.0
PHL,2020,358510629276.391,112081264.0
PLW,2020,258570955.305441,17792.0
PNG,2020,23936789891.162,9815746.0
POL,2020,566120997479.772,37515748.0
PRE,2020,1404548871519.11,998624261.0
PRI,2020,92359439312.9166,3281590.0
PRT,2020,203663019645.466,10297081.0
PRY,2020,40343536418.8014,6603739.0
PSE,2020,14037400000.0,4803269.0
PSS,2020,9150216946.6765,2595522.0
PST,2020,46658855185620.7,1117007476.0
PYF,2020,5312451133.13352,279209.0
QAT,2020,161416766491.661,2794148.0
ROU,2020,209105975817.662,19265250.0
RUS,2020,1422766794794.99,145245148.0
RWA,2020,10797494124.6384,13065837.0
SAS,2020,2929264189582.9,1621073417.0
SAU,2020,720270347023.097,31552510.0
SDN,2020,49449890489.355,46789231.0
SEN,2020,22863414676.2849,16789219.0
SGP,2020,336541232520.503,5685807.0
SLB,2020,1437368862.92689,744498.0
SLE,2020,7993685031.06354,7912558.0
SLV,2020,23744951345.511,6234673.0
SMR,2020,1408423247.99647,34770.0
SOM,2020,7707287719.38597,16651191.0
SRB,2020,47265687464.123,6899126.0
SSA,2020,1694624371348.57,1049999318.0
SSF,2020,1787715645906.05,1169015451.0
SST,2020,201151751760.557,19472157.0
STP,2020,311114954.79799,217435.0
SUR,2020,4416708447.1504,612317.0
SVK,2020,96969818857.1148,5458827.0
SVN,2020,47959972369.9892,2102419.0
SWE,2020,534492107010.626,10353442.0
SWZ,2020,4304996589.59367,1192729.0
SXM,2020,1185966832.34776,41008.0
SYC,2020,1678615792.63838,98462.0
SYR,2020,15593656903.8252,21049429.0
TCA,2020,1497558135.76773,44386.0
TCD,2020,15243505756.0454,17224679.0
TEA,2020,17576378713531.2,2095759417.0
TEC,2020,4062857172545.0,462842288.0
TGO,2020,7007740719.48155,8669720.0
THA,2020,432369701127.278,71641484.0
TJK,2020,11425228817.4554,9749310.0
TKM,2020,48406917338.9257,6949912.0
TLA,2020,4841554749687.19,630051021.0
TLS,2020,2582938981.94735,1326053.0
TMN,2020,1945168340705.51,687728758.0
TON,2020,491207296.771969,105704.0
TSA,2020,2929264189582.9,1621073417.0
TSS,2020,1787715645906.05,1169015451.0
TTO,2020,21430194900.9331,1366725.0
TUN,2020,44893953703.8732,11974057.0
TUR,2020,1028853867659.94,83384680.0
TUV,2020,44019157.5155388,10399.0
TZA,2020,61565931105.4141,60972798.0
UGA,2020,40768765796.4748,44457152.0
UKR,2020,98118341608.386,44680014.0
UMC,2020,23981462925196.5,2784871872.0
URY,2020,55890466349.1545,3398968.0
USA,2020,19627632559934.5,331577720.0
UZB,2020,109123866128.148,33586372.0
VCT,2020,827146498.160775,103526.0
VEN,2020,35707915777.1561,28444077.0
VIR,2020,3810575506.93703,106290.0
VNM,2020,323972192107.065,98079191.0
VUT,2020,828395819.755769,298858.0
WLD,2020,82803280050477.7,7854748424.0
WSM,2020,907769700.504801,211944.0
XKX,2020,7144396206.5298,1790151.0
ZAF,2020,337307318679.639,60562381.0
ZMB,2020,23418945736.8993,19059395.0
ZWE,2020,19110793941.1996,15526888.0
ABW,2021,2831747261.74117,107700.0
AFE,2021,1016303649247.24,713090928.0
AFG,2021,16345202562.5485,40000412.0
AFW,2021,836711968622.05,485920997.0
AGO,2021,97824078558.145,34532429.0
ALB,2021,13722964212.462,2489762.0
AND,2021,2893907016.25363,78364.0
ARB,2021,2797765814668.18,460646603.0
ARE,2021,391967404019.489,9575152.0
ARG,2021,568636554720.066,45312281.0
ARM,2021,12633615899.6682,2962300.0
ASM,2021,651422900.763359,49225.0
ATG,2021,1485407940.31841,92349.0
AUS,2021,1527396783519.68,25685412.0
AUT,2021,406312360757.929,8955797.0
AZE,2021,54232727563.5559,10137750.0
BDI,2021,3431737891.18244,12965481.0
BEL,2021,499839663858.827,11586195.0
BEN,2021,15779238957.3117,13413417.0
BFA,2021,16396850182.5889,21995243.0
BGD,2021,285368829855.224,167658854.0
BGR,2021,59616490915.7479,6507301.0
BHR,2021,36235315986.0804,1504365.0
BHS,2021,11540027214.2601,396373.0
BIH,2021,19454976126.4078,3244907.0
BLR,2021,60073587228.1282,9302585.0
BLZ,2021,2308584056.87279,395346.0
BMU,2021,6667453991.67615,64648.0
BOL,2021,35949969735.497,11937360.0
BRA,2021,1843880907790.44,209550294.0
BRB,2021,4930526775.24948,282147.0
BRN,2021,13215632407.1015,451721.0
BTN,2021,2486224986.25084,775442.0
BWA,2021,16560125447.6096,2401441.0
CAF,2021,2024497026.49048,5112100.0
CAN,2021,1706996679677.69,38239864.0
CEB,2021,1577151566969.72,100205732.0
CHE,2021,771755519734.1,8704546.0
CHI,2021,10716059398.8152,166741.0
CHL,2021,273390120031.28,19456334.0
CHN,2021,16199162892908.6,1412360000.0
CIV,2021,63620992438.4818,29639736.0
CMR,2021,38854942334.5769,26915758.0
COD,2021,48103175756.1974,99148932.0
COG,2021,10027261669.7995,5892183.0
COL,2021,330530695024.886,51188173.0
COM,2021,1112522258.3942,818174.0
CPV,2021,1793627260.88123,516649.0
CRI,2021,66522107766.4296,5059988.0
CSS,2021,59531842430.9028,4479167.0
CUB,2021,82070953176.2327,11122168.0
CUW,2021,2405500837.76418,153948.0
CYM,2021,5416518359.79396,70108.0
CYP,2021,27218282939.641,1317309.0
CZE,2021,214043320221.167,10505772.0
DEU,2021,3661544208117.2,83196078.0
DJI,2021,3200221046.31128,1121248.0
DMA,2021,520030399.241901,67202.0
DNK,2021,347379325644.417,5856733.0
DOM,2021,92824351636.8768,11123476.0
DZA,2021,199488888151.485,44761099.0
EAP,2021,18956654108883.7,2128553744.0
EAR,2021,12012812010067.3,3432026092.0
EAS,2021,28412909796582.2,2375117716.0
ECA,2021,1919570869643.74,251867727.0
ECS,2021,22722495171618.9,924381062.0
ECU,2021,102825145845.295,17682454.0
EGY,2021,425777537421.996,110957008.0
EMU,2021,12781670267789.1,347207191.0
ESP,2021,1267004457826.92,47443821.0
EST,2021,28709089435.1187,1330932.0
ETH,2021,96569731965.9612,122138588.0
EUU,2021,14943312743921.6,446227358.0
FCS,2021,1450006309905.52,1016906998.0
FIN,2021,253734502126.393,5541017.0
FJI,2021,4131922233.08409,916711.0
FRA,2021,2580120255051.75,67842811.0
FRO,2021,2998979304.47733,53296.0
FSM,2021,337547021.665978,111624.0
GAB,2021,15398898313.7955,2376722.0
GBR,2021,3113908148054.35,66984000.0
GEO,2021,19192793472.268,3708610.0
GHA,2021,66014472471.1465,32518665.0
GIN,2021,13349198344.073,13710513.0
GMB,2021,1776141480.03218,2576010.0
GNB,2021,1502186168.85351,2058841.0
GNQ,2021,9652085293.25754,1758786.0
GRC,2021,203277223532.871,10569207.0
GRD,2021,1024791581.86502,116688.0
GRL,2021,2759563889.53607,56653.0
GTM,2021,75122100458.9218,17598650.0
GUM,2021,5442300818.9263,163730.0
GUY,2021,8735441012.70968,815482.0
HIC,2021,55370472567228.3,1391814501.0
HKG,2021,330112209080.37,7413100.0
HND,2021,24940257609.6892,10289877.0
HPC,2021,837808561037.18,870930036.0
HRV,2021,59717412023.485,3878981.0
HTI,2021,14704149691.2104,11374586.0
HUN,2021,152052706989.445,9630932.0
IBD,2021,33005553399516.4,4905212516.0
IBT,2021,35579867670512.3,6732651035.0
IDA,2021,2574314270995.9,1827438519.0
IDB,2021,1253355036137.29,639196319.0
IDN,2021,1065709127396.86,276758053.0
IDX,2021,1320959234858.61,1188242200.0
IMN,2021,7558904124.23897,84106.0
IND,2021,2779348258938.77,1414203896.0
IRL,2021,474166373639.897,5110585.0
IRN,2021,468869169367.781,88455488.0
IRQ,2021,180145367592.772,43071211.0
ISL,2021,20222255991.4032,372520.0
ISR,2021,382399686301.549,9371400.0
ITA,2021,1908092024820.83,59133173.0
JAM,2021,15912170664.5422,2837682.0
JOR,2021,42874683401.0676,11066356.0
JPN,2021,4492005937826.88,125681593.0
KAZ,2021,214679925583.069,19743603.0
KEN,2021,90413816676.9795,53219166.0
KGZ,2021,7759385792.10421,6851224.0
KHM,2021,32909177695.673,16974305.0
KIR,2021,243085266.381389,128377.0
KNA,2021,889985054.357552,46763.0
KOR,2021,1801214449834.76,51769539.0
KWT,2021,114268886945.818,4360865.0
LAC,2021,4739617019872.08,581884231.0
LAO,2021,19054754737.3799,7453194.0
LBN,2021,34156740537.1604,5718122.0
LBR,2021,3270920145.66908,5259323.0
LBY,2021,55164567212.7209,7135175.0
LCA,2021,1666845859.70761,178522.0
LCN,2021,5399139510357.72,649236072.0
LDC,2021,1156496129023.88,1109175268.0
LIC,2021,392923744418.545,576076618.0
LKA,2021,96555233343.7041,22156000.0
LMC,2021,6388688849748.73,3006243027.0
LMY,2021,32612181023510.6,6378323939.0
LSO,2021,2160272945.18777,2261542.0
LTE,2021,24616787375006.7,2320127638.0
LTU,2021,52150790162.9131,2808380.0
LUX,2021,70965934440.7674,640064.0
LVA,2021,30284070900.4111,1884490.0
MAC,2021,28415367854.0484,682500.0
MAR,2021,124135631043.727,36954442.0
MCO,2021,7500235156.94536,38527.0
MDA,2021,9573777856.36482,2595809.0
MDG,2021,12814644792.2069,29691083.0
MDV,2021,5037261439.19069,516154.0
MEA,2021,3998832510005.31,767578451.0
MEX,2021,1241768434200.36,127648148.0
MHL,2021,225670074.462891,41367.0
MIC,2021,32217799267050.4,5802247321.0
MKD,2021,11141955229.994,1837114.0
MLI,2021,19530329790.3727,22388630.0
MLT,2021,16288744391.3981,518150.0
MMR,2021,60700903303.7127,53387102.0
MNA,2021,2044081707630.71,704458802.0
MNE,2021,4499321890.02717,625053.0
MNG,2021,13749955731.6936,3383741.0
MNP,2021,768812121.212121,46979.0
MOZ,2021,18651030677.5113,31707800.0
MRT,2021,7198481880.1079,4734874.0
MUS,2021,12415142570.9354,1266334.0
MWI,2021,11426314939.9064,20047258.0
MYS,2021,356134704342.139,34282399.0
NAC,2021,22529760234493.9,370404272.0
NAM,2021,10707646943.9364,2810548.0
NER,2021,12821067681.4111,24502140.0
NGA,2021,482220722020.13,218529286.0
NIC,2021,14142060836.745,6644741.0
NLD,2021,872809729132.839,17533044.0
NOR,2021,420836044191.958,5408320.0
NPL,2021,31325711777.1674,29475010.0
NRU,2021,97487754.0549406,11709.0
NZL,2021,210960637812.921,5084600.0
OED,2021,52886058724097.7,1371785073.0
OMN,2021,82318780120.4001,4500424.0
OSS,2021,147016403360.789,12541889.0
PAK,2021,381973779235.3,239477801.0
PAN,2021,63238418849.185,4345405.0
PER,2021,217099648514.382,33155882.0
PHL,2021,378998554988.857,113100950.0
PLW,2021,224284364.068701,17783.0
PNG,2021,23814388297.7556,10012896.0
POL,2021,605337233054.782,36981559.0
PRE,2021,1437720703643.33,1024960313.0
PRI,2021,92715228856.7798,3262711.0
PRT,2021,214984151437.597,10361831.0
PRY,2021,41964030301.4411,6684182.0
PSE,2021,15021700000.0,4922749.0
PSS,2021,8902701626.14041,2625493.0
PST,2021,49312943298610.8,1116582773.0
PYF,2021,5491263054.60892,279792.0
QAT,2021,164042913770.979,2504910.0
ROU,2021,220789460074.341,19122059.0
RUS,2021,1506233291759.56,144746762.0
RWA,2021,11969932683.8627,13355260.0
SAS,2021,3200121520340.3,1634785356.0
SAU,2021,767229070838.89,30784383.0
SDN,2021,48525909156.8784,48066924.0
SEN,2021,24359596784.117,17220867.0
SGP,2021,369376902514.865,5453566.0
SLB,2021,1434092017.05313,762591.0
SLE,2021,8465060863.02376,8094602.0
SLV,2021,26571731219.3539,6255782.0
SMR,2021,1604162946.37945,34252.0
SOM,2021,7972973226.06341,17271431.0
SRB,2021,51022863667.9918,6834326.0
SSA,2021,1754757999424.0,1076774079.0
SSF,2021,1853015617869.29,1199011925.0
SST,2021,215450947417.832,19646549.0
STP,2021,317023957.753826,221961.0
SUR,2021,4309144555.20541,617896.0
SVK,2021,102454294896.646,5447247.0
SVN,2021,51996698295.6593,2108079.0
SWE,2021,562423939232.591,10415811.0
SWZ,2021,4487365678.93282,1206593.0
SXM,2021,1240255611.86927,41571.0
SYC,2021,1687886479.31967,99258.0
SYR,2021,15882796969.6273,21628839.0
TCA,2021,1941275299.16352,45243.0
TCD,2021,15288236703.0071,17828273.0
TEA,2021,18933185158092.2,2102350702.0
TEC,2021,4371264757471.66,463104389.0
TGO,2021,7367160812.92227,8878379.0
THA,2021,439080796986.82,71727332.0
TJK,2021,12499200274.9255,9966908.0
TKM,2021,51408146222.3962,7092043.0
TLA,2021,5193220609108.14,633862610.0
TLS,2021,2721637681.74972,1350139.0
TMN,2021,2029060007630.71,699536053.0
TON,2021,486614870.548582,105490.0
TSA,2021,3200121520340.3,1634785356.0
TSS,2021,1853015617869.29,1199011925.0
TTO,2021,21276595987.8665,1367558.0
TUN,2021,47020147729.5282,12048622.0
TUR,2021,1150372769727.98,84147318.0
TUV,2021,44813322.9441554,10194.0
TZA,2021,64226431583.1539,62830412.0
UGA,2021,42210585952.7826,45910930.0
UKR,2021,101499127457.564,44298640.0
UMC,2021,25829110417301.6,2796004294.0
URY,2021,59156857853.7605,3396695.0
USA,2021,20816096100824.5,332099760.0
UZB,2021,117891622986.822,34243696.0
VCT,2021,844461993.24839,102841.0
VEN,2021,36049081141.1399,28237826.0
VIR,2021,3950332443.97012,105870.0
VNM,2021,332245562394.77,98935098.0
VUT,2021,815536673.766002,305868.0
WLD,2021,88113743893150.0,7920514854.0
WSM,2021,861986288.32084,213779.0
XKX,2021,7912108452.01596,1786079.0
ZAF,2021,353695896167.047,61502603.0
ZMB,2021,24879098747.8861,19603607.0
ZWE,2021,20729099176.6536,15797210.0
ABW,2022,3132944104.21046,107310.0
AFE,2022,1054137757186.44,731821393.0
AFG,2022,15325233810.1388,40578842.0
AFW,2022,874136377084.3,497387180.0
AGO,2022,101948344238.666,35635029.0
ALB,2022,14385344334.623,2451636.0
AND,2022,3170698001.42141,79705.0
ARB,2022,2993826509954.67,471352066.0
ARE,2022,421421732891.067,10074977.0
ARG,2022,602872713790.916,45407904.0
ARM,2022,14225451502.9981,2969200.0
ASM,2022,662725190.839695,48342.0
ATG,2022,1620696017.30498,92840.0
AUS,2022,1592357665099.43,26018721.0
AUT,2022,427972725600.496,9041851.0
AZE,2022,56789627303.7604,10141756.0
BDI,2022,3511275322.23022,13321097.0
BEL,2022,519614510458.488,11680210.0
BEN,2022,16765906414.7949,13759501.0
BFA,2022,16663583086.9504,22509038.0
BGD,2022,305629528154.311,169384897.0
BGR,2022,62051147380.8758,6465097.0
BHR,2022,38474716945.1891,1524693.0
BHS,2022,12795339943.1948,397538.0
BIH,2022,20277301651.4265,3204802.0
BLR,2022,57275121695.7263,9228071.0
BLZ,2022,2522139931.98722,402733.0
BMU,2022,7099253361.41199,64749.0
BOL,2022,37297165304.9227,12077154.0
BRA,2022,1899505159031.73,210306415.0
BRB,2022,5779882130.08259,282318.0
BRN,2022,13000438095.7254,455370.0
BTN,2022,2615853471.18587,780914.0
BWA,2022,17468616755.5627,2439892.0
CAF,2022,2033686256.48235,5098039.0
CAN,2022,1778503389905.0,38935934.0
CEB,2022,1640904326520.58,100071871.0
CHE,2022,795248228754.84,8777088.0
CHI,2022,11288507155.9037,167215.0
CHL,2022,279278925615.692,19553036.0
CHN,2022,16706875253648.5,1412175000.0
CIV,2022,67692661917.0177,30395002.0
CMR,2022,40306867605.1364,27632771.0
COD,2022,52582143957.1902,102396968.0
COG,2022,10175199489.7639,6035104.0
COL,2022,354752900899.02,51737944.0
COM,2022,1141481327.58447,834188.0
CPV,2022,2077803747.08658,519741.0
CRI,2022,69549856033.0247,5081765.0
CSS,2022,68393218498.2682,4497310.0
CUB,2022,83527427215.7299,11059820.0
CUW,2022,2571624725.62018,153321.0
CYM,2022,5729358427.59835,71591.0
CYP,2022,29470249084.6058,1331370.0
CZE,2022,220137498830.73,10672118.0
DEU,2022,3727790994177.62,83177813.0
DJI,2022,3365561651.66421,1137096.0
DMA,2022,574096959.632995,66826.0
DNK,2022,348921108389.075,5903037.0
DOM,2022,97686450823.9666,11230734.0
DZA,2022,206670488126.832,45477389.0
EAP,2022,19629257327697.0,2133560408.0
EAR,2022,12736126252467.9,3470644834.0
EAS,2022,29265188694291.0,2379617118.0
ECA,2022,1978674793312.44,250514347.0
ECS,2022,23492987209478.8,924234471.0
ECU,2022,108859360917.986,17823897.0
EGY,2022,453827104224.605,112618250.0
EMU,2022,13249379605852.9,348200155.0
ESP,2022,1347716659731.45,47786102.0
EST,2022,28357067289.1155,1348840.0
ETH,2022,101708941221.845,125384287.0
EUU,2022,15475526647498.2,447202673.0
FCS,2022,1473506803399.95,1036390026.0
FIN,2022,255670602724.759,5556106.0
FJI,2022,4865137079.9506,919422.0
FRA,2022,2650215998256.03,68184457.0
FRO,2022,3114769889.92582,53912.0
FSM,2022,327738276.522529,112114.0
GAB,2022,15866657481.0928,2430747.0
GBR,2022,3274265196937.19,67604000.0
GEO,2022,21296041913.2144,3712502.0
GHA,2022,68526224001.2217,33149152.0
GIN,2022,13879482945.938,14055137.0
GMB,2022,1873704900.09444,2636470.0
GNB,2022,1585255149.16317,2105529.0
GNQ,2022,9963221065.40967,1803545.0
GRC,2022,214502162962.972,10436882.0
GRD,2022,1099706286.21882,116913.0
GRL,2022,2814880887.77734,56661.0
GTM,2022,78265598404.1417,17847877.0
GUM,2022,5719850773.43039,165180.0
GUY,2022,14268000638.322,821637.0
HIC,2022,57056681475138.1,1398001706.0
HKG,2022,317951587861.717,7346100.0
HND,2022,25973672631.7766,10463872.0
HPC,2022,878642302854.213,893906294.0
HRV,2022,64073470836.9772,3855641.0
HTI,2022,14456828250.6294,11503606.0
HUN,2022,158366514062.482,9605074.0
IBD,2022,34249867468524.5,4928196300.0
IBT,2022,36941200756454.2,6794724390.0
IDA,2022,2691333287929.77,1866528090.0
IDB,2022,1313493495975.7,651895919.0
IDN,2022,1122268412650.2,278830529.0
IDX,2022,1377839791954.08,1214632171.0
IMN,2022,7244046026.79496,84132.0
IND,2022,2990839011962.46,1425423212.0
IRL,2022,509781668505.942,5212836.0
IRN,2022,489278157562.545,89524246.0
IRQ,2022,194483223959.197,44070551.0
ISL,2022,22005999303.4513,382003.0
ISR,2022,406350386042.279,9557500.0
ITA,2022,2000084512919.56,59013667.0
JAM,2022,16936803585.1513,2839144.0
JOR,2022,44009762839.5016,11256263.0
JPN,2022,4534320578755.85,125124989.0
KAZ,2022,221549683201.099,20034609.0
KEN,2022,94807911027.625,54252461.0
KGZ,2022,8455209116.53133,6975220.0
KHM,2022,34597385966.8314,17201724.0
KIR,2022,254185331.934612,130469.0
KNA,2022,983259885.957027,46709.0
KOR,2022,1850343736945.76,51672569.0
KWT,2022,121991940635.833,4589643.0
LAC,2022,4926692228060.28,585648822.0
LAO,2022,19570648221.6862,7559007.0
LBN,2022,33944395264.1769,5744489.0
LBR,2022,3428189426.39464,5373294.0
LBY,2022,50586008471.7998,7223805.0
LCA,2022,2006689780.75964,178781.0
LCN,2022,5619688802310.53,653108120.0
LDC,2022,1211441248719.02,1134585604.0
LIC,2022,406116518361.637,591481496.0
LKA,2022,89459202881.0576,22181000.0
LMC,2022,6787400148979.85,3043358377.0
LMY,2022,33916619351327.6,6437946207.0
LSO,2022,2211855514.87917,2286110.0
LTE,2022,25425942102957.4,2323799591.0
LTU,2022,53474129886.9706,2831639.0
LUX,2022,70187142285.2316,653103.0
LVA,2022,30862052747.7596,1879383.0
MAC,2022,23028683194.5103,677300.0
MAR,2022,126385828220.594,37329064.0
MCO,2022,8345233814.41127,38931.0
MDA,2022,9133384072.52763,2528654.0
MDG,2022,13347233960.4257,30437261.0
MDV,2022,5733717715.04974,524106.0
MEA,2022,4256618404294.62,782349366.0
MEX,2022,1287835026749.81,128613117.0
MHL,2022,224089111.328125,40077.0
MIC,2022,33508859910194.4,5846464711.0
MKD,2022,11449348867.2054,1831712.0
MLI,2022,20253575064.0318,23072640.0
MLT,2022,16693210193.3434,531113.0
MMR,2022,63151698290.198,53756787.0
MNA,2022,2132584773222.29,716508657.0
MNE,2022,4847549017.67011,623591.0
MNG,2022,14441951078.838,3433748.0
MNP,2022,896763636.363636,46078.0
MOZ,2022,19465045724.7404,32656246.0
MRT,2022,7687691068.95683,4875637.0
MUS,2022,13494399202.0623,1262523.0
MWI,2022,11531564448.65,20568728.0
MYS,2022,388299855024.742,34695493.0
NAC,2022,23124677205086.4,373018004.0
NAM,2022,11285723332.8927,2889662.0
NER,2022,14346774735.5026,25311973.0
NGA,2022,503047012794.856,223150896.0
NIC,2022,14644146345.7189,6730654.0
NLD,2022,916513359459.671,17700982.0
NOR,2022,434497344228.607,5457127.0
NPL,2022,33089761144.5103,29715436.0
NRU,2022,100293157.049327,11801.0
NZL,2022,218336637842.863,5081700.0
OED,2022,54522890657596.1,1378565677.0
OMN,2022,88892516940.1985,4730226.0
OSS,2022,153421960714.937,12699005.0
PAK,2022,400224894618.857,243700667.0
PAN,2022,70219021768.6549,4400773.0
PER,2022,223198050485.251,33475438.0
PHL,2022,407730367707.393,113964338.0
PLW,2022,227677066.634821,17759.0
PNG,2022,25173614524.0292,10203169.0
POL,2022,637150470884.733,36821749.0
PRE,2022,1504956809567.56,1051201551.0
PRI,2022,95456906860.8231,3220137.0
PRT,2022,230002603240.143,10434332.0
PRY,2022,42037903094.7542,6760464.0
PSE,2022,15635000000.0,5043612.0
PSS,2022,9656402965.60392,2656049.0
PST,2022,50690125759408.1,1117394729.0
PYF,2022,5652560509.1391,280378.0
QAT,2022,170908060803.633,2657333.0
ROU,2022,230035489109.198,19048502.0
RUS,2022,1484605556957.56,144236933.0
RWA,2022,12946823692.9381,13651030.0
SAS,2022,3427367075328.57,1648009565.0
SAU,2022,859301066620.788,32175224.0
SDN,2022,48061119947.9824,49383346.0
SEN,2022,25297546478.5042,17651103.0
SGP,2022,384550906479.006,5637022.0
SLB,2022,1397028143.8117,781066.0
SLE,2022,8914856495.10508,8276807.0
SLV,2022,27356823619.6966,6280319.0
SMR,2022,1730866817.58497,33755.0
SOM,2022,8189695542.68851,17801897.0
SRB,2022,52402255080.2826,6664449.0
SSA,2022,1824662768283.72,1103704408.0
SSF,2022,1928274134270.74,1229208573.0
SST,2022,231471582178.809,19852364.0
STP,2022,317558772.390522,226305.0
SUR,2022,4412832154.84564,623164.0
SVK,2022,103012252413.418,5431752.0
SVN,2022,53384233078.3164,2112076.0
SWE,2022,569484812988.256,10486941.0
SWZ,2022,4504690089.10423,1218917.0
SXM,2022,1412651141.9191,42139.0
SYC,2022,1902424765.1769,119878.0
SYR,2022,15999183136.0334,22462173.0
TCA,2022,2214745146.41684,45847.0
TCD,2022,15919594857.6964,18455316.0
TEA,2022,19604950453642.7,2107261123.0
TEC,2022,4456590928481.79,460942269.0
TGO,2022,7830882103.10093,9089738.0
THA,2022,450410744554.857,71735329.0
TJK,2022,13499136339.2248,10182222.0
TKM,2022,54595451255.3951,7230193.0
TLA,2022,5407068391508.19,637837815.0
TLS,2022,2163090172.13552,1369295.0
TMN,2022,2116949773222.29,711465045.0
TON,2022,476257056.368298,105042.0
TSA,2022,3427367075328.57,1648009565.0
TSS,2022,1928274134270.74,1229208573.0
TTO,2022,21459842974.3266,1365805.0
TUN,2022,48314277429.7123,12119334.0
TUR,2022,1212967141770.11,84979913.0
TUV,2022,45116847.7756278,9992.0
TZA,2022,67159014151.451,64711821.0
UGA,2022,44147216889.624,47312719.0
UKR,2022,72309415409.6738,41048766.0
UMC,2022,26721459761214.5,2803106334.0
URY,2022,61810768801.3209,3390913.0
USA,2022,21339074561820.0,334017321.0
UZB,2022,124966702851.263,34938955.0
VCT,2022,870731795.635827,102046.0
VEN,2022,38933336798.9515,28213017.0
VIR,2022,3898534418.35646,105413.0
VNM,2022,360611028837.664,99680655.0
VUT,2022,857832270.181912,313046.0
WLD,2022,91112302917180.8,7989545217.0
WSM,2022,881527953.232608,215261.0
XKX,2022,8250627929.71309,1768096.0
ZAF,2022,360975440918.611,62378410.0
ZMB,2022,26175604214.1895,20152938.0
ZWE,2022,22001713149.7897,16069056.0
ABW,2023,3374393790.1973,107359.0
AFE,2023,1074494847612.58,750491370.0
AFG,2023,15672648238.1005,41454761.0
AFW,2023,906150988401.304,509398589.0
AGO,2023,103236265970.233,36749906.0
ALB,2023,14962975920.9066,2414095.0
AND,2023,3252614722.13544,80856.0
ARB,2023,3042774083146.39,482105978.0
ARE,2023,439547849791.115,10483751.0
ARG,2023,591684674129.454,45538401.0
ARM,2023,15406163977.6894,2964300.0
ATG,2023,1660036192.7894,93316.0
AUS,2023,1649424913623.6,26659922.0
AUT,2023,424607814488.72,9131761.0
AZE,2023,57558830022.9022,10153958.0
BDI,2023,3625559222.01905,13689450.0
BEL,2023,528521336864.414,11779946.0
BEN,2023,17831007125.9788,14111034.0
BFA,2023,17163536264.1285,23025776.0
BGD,2023,323279976841.364,171466990.0
BGR,2023,63094544094.4155,6446596.0
BHR,2023,39966811156.113,1577059.0
BHS,2023,13185372844.5039,399440.0
BIH,2023,20681710969.038,3185073.0
BLR,2023,59638602543.5231,9178298.0
BLZ,2023,2534753858.51431,411106.0
BMU,2023,7448338953.24063,64698.0
BOL,2023,38235698454.9001,12244159.0
BRA,2023,1961080569227.7,211140729.0
BRB,2023,5948328550.31831,282336.0
BRN,2023,13147036779.4979,458949.0
BTN,2023,2737023912.04454,786385.0
BWA,2023,18029021881.095,2480244.0
CAF,2023,2047921417.64834,5152421.0
CAN,2023,1805692180594.62,40083484.0
CEB,2023,1652511481429.87,100183707.0
CHE,2023,800682383958.149,8888822.0
CHI,2023,11707875863.1821,167691.0
CHL,2023,280734996501.051,19658835.0
CHN,2023,17611526369126.6,1410710000.0
CIV,2023,72160377909.6739,31165654.0
CMR,2023,41656165354.262,28372687.0
COD,2023,57069235865.1432,105789731.0
COG,2023,10369226732.5707,6182885.0
COL,2023,357280089727.874,52321152.0
COM,2023,1175671154.84031,850387.0
CPV,2023,2177429478.93487,522331.0
CRI,2023,73105190307.8725,5105525.0
CSS,2023,74438041470.2287,4519904.0
CUB,2023,81915873064.4531,11019931.0
CUW,2023,2679684396.59073,154654.0
CYM,2023,6062554528.01369,73038.0
CYP,2023,30536911914.8595,1344976.0
CZE,2023,220242240981.103,10864042.0
DEU,2023,3695372350062.48,83287273.0
DJI,2023,3594666717.82039,1152944.0
DMA,2023,595064186.903307,66510.0
DNK,2023,351030642724.0,5946952.0
DOM,2023,99828029402.8707,11331265.0
DZA,2023,215143978140.155,46164219.0
EAP,2023,20660829735526.1,2137527754.0
EAR,2023,13321360430189.3,3511607650.0
EAS,2023,30495985189684.6,2384441485.0
ECA,2023,2078335110679.39,248721385.0
ECS,2023,23738811909129.8,924773523.0
ECU,2023,111023744250.546,17980083.0
EGY,2023,470892276431.916,114535772.0
EMU,2023,13312102900567.7,349762722.0
ESP,2023,1380882052539.27,48352528.0
EST,2023,27578887219.4051,1370286.0
ETH,2023,108415879003.469,128691692.0
EUU,2023,15545835479247.4,448897545.0
FCS,2023,1505120227555.61,1057033168.0
FIN,2023,253269616816.416,5583911.0
FJI,2023,5324525632.97133,924145.0
FRA,2023,2688358302961.22,68372286.0
FRO,2023,3213157332.58036,54414.0
FSM,2023,329223318.369684,112630.0
GAB,2023,16253635205.6312,2484789.0
GBR,2023,3283159739927.95,68492000.0
GEO,2023,22963990777.4548,3715483.0
GHA,2023,70678009792.105,33787914.0
GIN,2023,14648645956.2703,14405468.0
GMB,2023,1984568191.32879,2697845.0
GNB,2023,1677635814.13438,2153339.0
GNQ,2023,9456161986.86363,1847549.0
GRC,2023,219083738943.271,10407351.0
GRD,2023,1149485315.76389,117081.0
GRL,2023,2839256686.24476,56865.0
GTM,2023,81030845277.9723,18124838.0
GUY,2023,19089873040.0558,826353.0
HIC,2023,58099299703020.1,1408190184.0
HKG,2023,328201901799.319,7536100.0
HND,2023,26902451582.3921,10644851.0
HPC,2023,909066782138.737,917304254.0
HRV,2023,66483687609.844,3859686.0
HTI,2023,14187369712.6764,11637398.0
HUN,2023,157072489603.652,9592186.0
IBD,2023,35899891081830.0,4952212190.0
IBT,2023,38673188322123.4,6858521511.0
IDA,2023,2773297240293.36,1906309321.0
IDB,2023,1350607832659.81,664395892.0
IDN,2023,1178932006499.5,281190067.0
IDX,2023,1422689407633.55,1241913429.0
IND,2023,3265719695911.24,1438069596.0
IRL,2023,496851698334.418,5311538.0
IRN,2023,515368187132.474,90608707.0
IRQ,2023,195490074355.087,45074049.0
ISL,2023,23147265109.0917,385663.0
ISR,2023,413772459124.137,9849000.0
ITA,2023,2019599234310.29,58984216.0
JAM,2023,17401946531.631,2839786.0
JOR,2023,45279041100.7738,11439213.0
JPN,2023,4601203385713.7,124516650.0
KAZ,2023,232848717043.771,20330104.0
KEN,2023,100230916344.516,55339003.0
KGZ,2023,9217301873.9258,7099750.0
KHM,2023,36329791405.1421,17423880.0
KIR,2023,260926354.579915,132530.0
KNA,2023,1012966873.64566,46758.0
KOR,2023,1879634949821.72,51712619.0
KWT,2023,119958083706.278,4853420.0
LAC,2023,5033416391728.84,589889543.0
LAO,2023,20303702352.295,7664993.0
LBN,2023,33686219465.2748,5773493.0
LBR,2023,3588757484.77383,5493031.0
LBY,2023,55745806520.295,7305659.0
LCA,2023,2051035272.37698,179285.0
LCN,2023,5746106067940.25,657616517.0
LDC,2023,1248133375195.38,1160824674.0
LIC,2023,405266158076.443,607774703.0
LKA,2023,87374939262.0939,22037000.0
LMC,2023,7197495270158.23,3082002881.0
LMY,2023,35552307827876.0,6498875200.0
LSO,2023,2252257815.53386,2311472.0
LTE,2023,26551815408168.0,2326296729.0
LTU,2023,53657151896.4273,2871585.0
LUX,2023,70256936375.5582,666430.0
LVA,2023,30571453786.1231,1883710.0
MAC,2023,40371220293.3995,678800.0
MAR,2023,131006044306.041,37712505.0
MCO,2023,8799544244.79004,38956.0
MDA,2023,9242984685.90417,2457783.0
MDG,2023,13908224364.653,31195932.0
MDV,2023,6017127527.21638,525994.0
MEA,2023,4352784227859.89,797801454.0
MEX,2023,1331023107619.63,129739759.0
MHL,2023,212866912.841797,38827.0
MIC,2023,35144294366731.2,5891100497.0
MKD,2023,11741875752.5034,1827816.0
MLI,2023,21210639746.3918,23769127.0
MLT,2023,18466282602.6508,552747.0
MMR,2023,63756973611.1702,54133798.0
MNA,2023,2193420014657.16,729077445.0
MNE,2023,5161590831.64825,623529.0
MNG,2023,15513848972.8704,3481145.0
MOZ,2023,20532020330.7663,33635160.0
MRT,2023,8211183625.04944,5022441.0
MUS,2023,14170187784.8097,1248647.0
MWI,2023,11755940188.7261,21104482.0
MYS,2023,402034268648.217,35126298.0
NAC,2023,23768392810821.5,376954413.0
NAM,2023,11787126126.6129,2963095.0
NER,2023,14586026438.1981,26159867.0
NGA,2023,519782610025.928,227882945.0
NIC,2023,15292551634.5755,6823613.0
NLD,2023,911031728184.777,17877117.0
NOR,2023,434810705801.472,5519601.0
NPL,2023,33745781686.6509,29694614.0
NRU,2023,100994507.797924,11875.0
NZL,2023,221380800380.185,5200000.0
OED,2023,55516492268060.6,1387897706.0
OMN,2023,90149469537.5157,5049269.0
OSS,2023,158346666971.641,12822134.0
PAK,2023,398564217461.774,247504495.0
PAN,2023,75251148212.8876,4458759.0
PER,2023,222298021864.381,33845617.0
PHL,2023,430232801525.652,114891199.0
PLW,2023,232722385.881789,17727.0
PNG,2023,26132952333.2822,10389635.0
POL,2023,638740867489.057,36687353.0
PRE,2023,1541808637322.46,1078224044.0
PRI,2023,96155166598.5367,3203792.0
PRT,2023,237132635847.463,10578174.0
PRY,2023,44139473679.5817,6844146.0
PSE,2023,14922700000.0,5165775.0
PSS,2023,10325494129.2012,2689224.0
PST,2023,51618663771653.0,1121315547.0
PYF,2023,5809297011.57328,281118.0
QAT,2023,173539688045.024,2656032.0
ROU,2023,235229078939.709,19061062.0
RUS,2023,1545214947189.49,143826130.0
RWA,2023,14014924091.7947,13954471.0
SAS,2023,3718874545140.61,1662580579.0
SAU,2023,863963569239.897,33702731.0
SDN,2023,33915159867.9417,50042791.0
SEN,2023,26374572022.2227,18077573.0
SGP,2023,391555143381.885,5917648.0
SLB,2023,1436719369.01707,800005.0
SLE,2023,9423896753.16695,8460512.0
SLV,2023,28325024473.7907,6309624.0
SMR,2023,1737823775.34504,33860.0
SOM,2023,8531635197.80811,18358615.0
SRB,2023,54366256509.8452,6623183.0
SSA,2023,1870284551652.42,1131078494.0
SSF,2023,1980645836013.89,1259889959.0
SST,2023,243110202571.071,20031262.0
STP,2023,318740893.733006,230871.0
SUR,2023,4519472314.04237,628886.0
SVK,2023,105188526684.47,5426740.0
SVN,2023,54652553125.6646,2120461.0
SWE,2023,568322714847.714,10536632.0
SWZ,2023,4663821718.37207,1230506.0
SXM,2023,1466331885.31203,42749.0
SYC,2023,1945405357.99613,119773.0
TCA,2023,2518855082.81725,46198.0
TCD,2023,16553201687.3505,19319064.0
TEA,2023,20635233978130.9,2111139152.0
TEC,2023,4627098236001.9,458602212.0
TGO,2023,8315779388.69167,9304337.0
THA,2023,459498911646.803,71702435.0
TJK,2023,14619564549.6174,10389799.0
TKM,2023,58035050718.9991,7364438.0
TLA,2023,5532838412178.96,642397939.0
TLS,2023,1770794193.37577,1384286.0
TMN,2023,2178497314657.16,723911670.0
TON,2023,489545312.472945,104597.0
TSA,2023,3718874545140.61,1662580579.0
TSS,2023,1980645836013.89,1259889959.0
TTO,2023,21774542874.5018,1367510.0
TUN,2023,48403183212.3138,12200431.0
TUR,2023,1274162834489.99,85325965.0
TUV,2023,46855113.8352982,9816.0
TZA,2023,70563656177.7408,66617606.0
UGA,2023,46503341915.459,48656601.0
UKR,2023,76311548883.8968,37732836.0
UMC,2023,27946799096572.9,2809097616.0
URY,2023,62269484309.0206,3388081.0
USA,2023,21955252291273.6,336806231.0
UZB,2023,132828878427.532,35652307.0
VCT,2023,917110146.812992,101323.0
VEN,2023,40491326652.4278,28300854.0
VNM,2023,378876063686.799,100352192.0
VUT,2023,875793075.435631,320409.0
WLD,2023,93798835497645.3,8064057930.0
WSM,2023,1015816489.37016,216663.0
XKX,2023,8586232700.23679,1682668.0
ZAF,2023,363885280375.697,63212384.0
ZMB,2023,27580695690.34,20723965.0
ZWE,2023,23178995952.2035,16340822.0
ABW,2024,3604216215.99837,107995.0
AFE,2024,1104192151938.79,769280888.0
AFW,2024,947704115241.123,521764076.0
AGO,2024,107803341999.578,37885849.0
ALB,2024,15568367220.7999,2377128.0
AND,2024,3362287046.47556,81938.0
ARB,2024,3094608683761.03,492612632.0
ARE,2024,457093751868.536,10986400.0
ARG,2024,583738758865.705,45696159.0
ARM,2024,16315127652.4443,3033500.0
ATG,2024,1720733551.28694,93772.0
AUS,2024,1672078242948.22,27196812.0
AUT,2024,421809268656.554,9177982.0
AZE,2024,59902281408.4622,10202830.0
BDI,2024,3774652142.65546,14047786.0
BEL,2024,534178915343.837,11858610.0
BEN,2024,19159972710.8241,14462724.0
BFA,2024,17987353311.1315,23548781.0
BGD,2024,336932927922.21,173562364.0
BGR,2024,65231613490.8247,6441421.0
BHR,2024,41007465668.6828,1588670.0
BHS,2024,13630862492.2464,401283.0
BIH,2024,21296271621.8748,3164253.0
BLR,2024,62030020167.7391,9132629.0
BLZ,2024,2623588473.35997,417072.0
BMU,2024,7893193425.43486,64636.0
BOL,2024,37806175459.3053,12413315.0
BRA,2024,2028136094548.34,211998573.0
BRB,2024,6095981657.86298,282467.0
BRN,2024,13679822692.2189,462721.0
BWA,2024,17489977781.8862,2521139.0
CAF,2024,2078640238.88184,5330690.0
CAN,2024,1833766996134.79,41288599.0
CEB,2024,1686721115931.23,100061963.0
CHE,2024,811109937475.131,9005582.0
CHL,2024,288158504434.814,19764771.0
CHN,2024,18488114837769.3,1408975000.0
CIV,2024,76504096839.437,31934230.0
CMR,2024,43124429828.9643,29123744.0
COD,2024,60565728422.4726,109276265.0
COG,2024,10636718505.674,6332961.0
COL,2024,362990610076.174,52886363.0
COM,2024,1214916246.52607,866628.0
CPV,2024,2335159974.83501,524877.0
CRI,2024,76264229553.4307,5129910.0
CSS,2024,84347922169.2573,4539060.0
CUB,2024,81046145427.2561,10979783.0
CUW,2024,2814389451.52295,155967.0
CYP,2024,31740302544.1463,1358282.0
CZE,2024,222958017484.654,10905028.0
DEU,2024,3677048776153.86,83516593.0
DJI,2024,3845591877.09476,1168722.0
DMA,2024,607279298.404095,66205.0
DNK,2024,363238912546.89,5976992.0
DOM,2024,104773032846.36,11427557.0
DZA,2024,223104305329.361,46814308.0
EAP,2024,21685905208512.5,2141122258.0
EAR,2024,13810113630268.1,3552278604.0
EAS,2024,31651815201708.3,2388319494.0
ECA,2024,2161102618244.67,250281521.0
ECS,2024,24110620684172.3,928263208.0
ECU,2024,108801876280.216,18135478.0
EGY,2024,482189779212.632,116538258.0
EMU,2024,13433497319073.3,351161936.0
ESP,2024,1428595035672.37,48848840.0
EST,2024,27554054399.2591,1372341.0
ETH,2024,116669335367.212,132059767.0
EUU,2024,15711329898680.8,450228188.0
FCS,2024,1535327163040.35,1081767572.0
FIN,2024,254323653957.12,5619911.0
FJI,2024,5512527123.40125,928784.0
FRA,2024,2720362347819.81,68551653.0
FRO,2024,3240267282.45612,54681.0
FSM,2024,331590401.690288,113160.0
GAB,2024,16805289922.7656,2538952.0
GBR,2024,3320141995547.62,69226000.0
GEO,2024,25186857750.188,3699557.0
GHA,2024,74629231909.5195,34427414.0
GIN,2024,15432355339.8107,14754785.0
GMB,2024,2094736745.30154,2759988.0
GNB,2024,1747195818.67949,2201352.0
GNQ,2024,9541952850.62711,1892516.0
GRC,2024,223655084018.924,10405134.0
GRD,2024,1195043156.53983,117207.0
GTM,2024,83989981406.9695,18406359.0
GUY,2024,27454923839.2682,831087.0
HIC,2024,59232240658596.4,1417841927.0
HKG,2024,336423318692.037,7524100.0
HND,2024,27858556649.7637,10825703.0
HPC,2024,955835602301.251,941413026.0
HRV,2024,69027943227.3244,3866200.0
HTI,2024,13595808327.3781,11772557.0
HUN,2024,157952280644.587,9562065.0
IBD,2024,37462169705167.6,4979421568.0
IBT,2024,40354878865906.0,6926222113.0
IDA,2024,2892709160738.4,1946800545.0
IDB,2024,1405386054151.9,676957651.0
IDN,2024,1238236350136.56,283487931.0
IDX,2024,1487323106586.51,1269842894.0
IND,2024,3477820532826.48,1450935791.0
IRL,2024,509767195342.461,5395790.0
IRN,2024,534246745197.836,91567738.0
IRQ,2024,192469260104.189,46042015.0
ISL,2024,22922580053.4796,386506.0
ISR,2024,417380424316.47,9974400.0
ITA,2024,2033588532657.24,58952704.0
JAM,2024,17308839319.8134,2839175.0
JOR,2024,46405988481.4729,11552876.0
JPN,2024,4606002855955.13,123975371.0
KAZ,2024,244491152895.888,20592571.0
KEN,2024,104966566488.391,56432944.0
KGZ,2024,10050558458.4137,7221868.0
KHM,2024,38500536184.9646,17638801.0
KIR,2024,274669078.171778,134518.0
KNA,2024,1016129628.26613,46843.0
KOR,2024,1917295522781.86,51751065.0
KWT,2024,116887023610.314,4897263.0
LAC,2024,5132738029517.57,594158638.0
LAO,2024,21142284373.3842,7769819.0
LBR,2024,3733092094.5398,5612817.0
LBY,2024,56804949261.2974,7381023.0
LCA,2024,2130856442.55709,179744.0
LCN,2024,5875603254876.28,662186388.0
LDC,2024,1296267115798.8,1187777591.0
LIC,2024,414693304323.717,624608098.0
LKA,2024,91751304716.6408,21916000.0
LMC,2024,7569839678967.72,3120980912.0
LMY,2024,37102655224769.4,6563501708.0
LSO,2024,2316549022.3524,2337423.0
LTE,2024,27743341414834.5,2328628339.0
LTU,2024,55144866855.2473,2888278.0
LUX,2024,70508886559.2138,677012.0
LVA,2024,30557357896.8573,1866124.0
MAC,2024,43540200437.277,687000.0
MAR,2024,135975581947.965,38081173.0
MCO,2024,9548432765.36857,38631.0
MDA,2024,9252510447.17039,2402306.0
MDG,2024,14492369787.9526,31964956.0
MDV,2024,6227390285.84391,527799.0
MEA,2024,4444729170924.96,813146136.0
MEX,2024,1350022500028.81,130861007.0
MHL,2024,218192687.988281,37548.0
MIC,2024,36684681189602.5,5938893610.0
MKD,2024,12093396439.5,1824359.0
MLI,2024,22269531976.235,24478595.0
MLT,2024,19721971907.7513,568847.0
MMR,2024,63137226235.7415,54500091.0
MNA,2024,2242170825099.07,741690916.0
MNE,2024,5324908668.48059,623525.0
MNG,2024,16308475359.1871,3524788.0
MOZ,2024,20973160980.9212,34631766.0
MRT,2024,8729112418.52009,5169395.0
MUS,2024,14868086969.4353,1245779.0
MWI,2024,11952668098.8907,21655286.0
MYS,2024,422559964245.24,35557673.0
NAC,2024,24410122957734.5,381464223.0
NAM,2024,12224610619.8575,3030131.0
NER,2024,16088387161.4462,27032412.0
NGA,2024,540898072115.881,232679478.0
NIC,2024,15841222424.9421,6916140.0
NLD,2024,920880034447.75,17993485.0
NOR,2024,443929688973.891,5572279.0
NPL,2024,34982690898.4415,29651054.0
NRU,2024,102397209.295117,11947.0
NZL,2024,224233557754.352,5287500.0
OED,2024,56519546866728.3,1396877448.0
OMN,2024,91620377320.7829,5281538.0
OSS,2024,162912209874.168,12931878.0
PAK,2024,410716372191.504,251269164.0
PAN,2024,77318963569.7031,4515577.0
PER,2024,229642617310.3,34217848.0
PHL,2024,454721721977.445,115843670.0
PNG,2024,27125951106.4194,10576502.0
POL,2024,658084600079.586,36559233.0
PRE,2024,1592884565152.0,1105951788.0
PRI,2024,99210088884.5323,3203295.0
PRT,2024,242206495918.36,10694681.0
PRY,2024,46015383701.3623,6929153.0
PSE,2024,10959600000.0,5289152.0
PSS,2024,10675809216.9513,2722467.0
PST,2024,52545460857104.2,1128377826.0
PYF,2024,5874732292.7704,281807.0
QAT,2024,177634714249.328,2857822.0
ROU,2024,237383786157.719,19051804.0
RUS,2024,1612344875264.36,143533851.0
RWA,2024,15260942682.7546,14256567.0
SAS,2024,3950657107997.71,1677384532.0
SAU,2024,881212616884.024,35300280.0
SDN,2024,29179132473.6304,50448963.0
SEN,2024,27973016519.3217,18501984.0
SGP,2024,408736675576.891,6036860.0
SLB,2024,1479785892.35403,819198.0
SLE,2024,9828485690.6466,8642022.0
SLV,2024,29062047321.2665,6338193.0
SOM,2024,8882404280.64207,19009151.0
SRB,2024,56513683533.7835,6586476.0
SSA,2024,1933214104917.37,1158863843.0
SSF,2024,2051896267179.91,1291044964.0
SST,2024,257992216362.763,20193405.0
STP,2024,322247041.654835,235536.0
SUR,2024,4597250505.9213,634431.0
SVK,2024,107227789781.413,5422069.0
SVN,2024,55598805913.7619,2127400.0
SWE,2024,572983369203.274,10569709.0
SWZ,2024,4802519614.26982,1242822.0
SXM,2024,1510321841.87139,43350.0
SYC,2024,2012826895.3276,121354.0
TCA,2024,2660838540.233,46535.0
TCD,2024,17248313422.9922,20299123.0
TEA,2024,21659054221866.2,2114653077.0
TEC,2024,4803175436464.49,459734030.0
TGO,2024,8858969845.08846,9515236.0
THA,2024,471178549995.253,71668011.0
TJK,2024,15847607943.9846,10590927.0
TKM,2024,61690926131.849,7494498.0
TLA,2024,5658884607298.61,647003746.0
TLS,2024,1609639637.8195,1400638.0
TMN,2024,2231211225099.07,736401764.0
TSA,2024,3950657107997.71,1677384532.0
TSS,2024,2051896267179.91,1291044964.0
TTO,2024,22320911476.7121,1368333.0
TUN,2024,49184626298.0351,12277109.0
TUR,2024,1316562171166.78,85518661.0
TZA,2024,74463225268.4644,68560157.0
UGA,2024,49319389340.67,50015092.0
UKR,2024,78535131747.3225,37860221.0
UMC,2024,29114841510634.8,2817912698.0
URY,2024,64204978531.9491,3386588.0
USA,2024,22568462768174.3,340110988.0
UZB,2024,141462755525.291,36361859.0
VCT,2024,954361646.832288,100616.0
VEN,2024,42637366965.0064,28405543.0
VNM,2024,405742875627.919,100987686.0
VUT,2024,884044669.596211,327777.0
WLD,2024,96492690817960.5,8141808945.0
WSM,2024,1064051361.64931,218019.0
XKX,2024,8978889464.69922,1594353.0
ZAF,2024,365831497261.341,64007187.0
ZMB,2024,28634291574.827,21314956.0
ZWE,2024,23582865676.3961,16634373.0
